fecha,usuario,resumen_edicion,longitud_texto,contenido_fragmento,es_bot,es_ip,tipo_actor,resumen_limpio,contenido_limpio
2026-06-08T10:35:19Z,CommonsDelinker,"Bot: Cambiando Flag_of_Peru_(war).svg por [[Archivo:State_flag_of_Peru.svg]] (pedido por [[commons:User:CommonsDelinker|CommonsDelinker]]; razón: [[:c:COM:FR|File renamed]]: [[:c:COM:FR#FR3|Criterion 3]] (obvious error) · This is not the war flag, this is",77167,"{{noesunforo}}
{{PR|Historia militar}}
{{Caja de archivos|[[/Archivo 1|Archivo 1]]}}

== ¿Que tipo de articulo es este? ==

No es un articulo enciclopédico y no precede en este tipo de paginas, ni da una visión histórica de La Conquista de América. No hay referencias historiograficas ni de ningun hi",True,False,Bot,"Bot: Cambiando Flag_of_Peru_(war).svg por Archivo:State_flag_of_Peru.svg (pedido por CommonsDelinker; razón: File renamed: Criterion 3 (obvious error) · This is not the war flag, this is","== ¿Que tipo de articulo es este? ==

No es un articulo enciclopédico y no precede en este tipo de paginas, ni da una visión histórica de La Conquista de América. No hay referencias historiograficas ni de ningun hi"
2025-12-15T09:04:08Z,Montgomery,Revertida una edición de [[Special:Contributions/~2025-39894-56|~2025-39894-56]] ([[User talk:~2025-39894-56|disc.]]) a la última edición de Virum Mundi,77167,"{{noesunforo}}
{{PR|Historia militar}}
{{Caja de archivos|[[/Archivo 1|Archivo 1]]}}

== ¿Que tipo de articulo es este? ==

No es un articulo enciclopédico y no precede en este tipo de paginas, ni da una visión histórica de La Conquista de América. No hay referencias historiograficas ni de ningun hi",False,False,Usuario_Registrado,Revertida una edición de ~2025-39894-56 (disc.) a la última edición de Virum Mundi,"== ¿Que tipo de articulo es este? ==

No es un articulo enciclopédico y no precede en este tipo de paginas, ni da una visión histórica de La Conquista de América. No hay referencias historiograficas ni de ningun hi"
2025-12-15T08:56:21Z,~2025-39894-56,Sección nueva: /* Es una lástima que Simón Bolívar no estuviera presente en esta época para derrotar a los españoles. */,77521,"{{noesunforo}}
{{PR|Historia militar}}
{{Caja de archivos|[[/Archivo 1|Archivo 1]]}}

== ¿Que tipo de articulo es este? ==

No es un articulo enciclopédico y no precede en este tipo de paginas, ni da una visión histórica de La Conquista de América. No hay referencias historiograficas ni de ningun hi",False,True,IP_Anonima,Sección nueva:,"== ¿Que tipo de articulo es este? ==

No es un articulo enciclopédico y no precede en este tipo de paginas, ni da una visión histórica de La Conquista de América. No hay referencias historiograficas ni de ningun hi"
2024-08-08T20:23:17Z,Virum Mundi,"Deshecha la [[Especial:Diff/161750969|edición 161750969]] de [[Especial:Contribuciones/136.186.163.47|136.186.163.47]] ([[Usuario Discusión:136.186.163.47|disc.]]) no se entiende este comentario, encima como contestación a un hilo de hace 14 años. Si tienes algo que decir con respecto al artículo, por favor abre un hilo nuevo y explícate de forma coherente.",77167,"{{noesunforo}}
{{PR|Historia militar}}
{{Caja de archivos|[[/Archivo 1|Archivo 1]]}}

== ¿Que tipo de articulo es este? ==

No es un articulo enciclopédico y no precede en este tipo de paginas, ni da una visión histórica de La Conquista de América. No hay referencias historiograficas ni de ningun hi",False,False,Usuario_Registrado,"Deshecha la edición 161750969 de 136.186.163.47 (disc.) no se entiende este comentario, encima como contestación a un hilo de hace 14 años. Si tienes algo que decir con respecto al artículo, por favor abre un hilo nuevo y explícate de forma coherente.","== ¿Que tipo de articulo es este? ==

No es un articulo enciclopédico y no precede en este tipo de paginas, ni da una visión histórica de La Conquista de América. No hay referencias historiograficas ni de ningun hi"
2024-08-08T12:00:02Z,136.186.163.47,/* ¿Que tal si se introduce la plantilla edad? Para especificar los años que hace de tal acontecimiento */,77684,"{{noesunforo}}
{{PR|Historia militar}}
{{Caja de archivos|[[/Archivo 1|Archivo 1]]}}

== ¿Que tipo de articulo es este? ==

No es un articulo enciclopédico y no precede en este tipo de paginas, ni da una visión histórica de La Conquista de América. No hay referencias historiograficas ni de ningun hi",False,True,IP_Anonima,,"== ¿Que tipo de articulo es este? ==

No es un articulo enciclopédico y no precede en este tipo de paginas, ni da una visión histórica de La Conquista de América. No hay referencias historiograficas ni de ningun hi"
2024-01-05T16:57:29Z,Virum Mundi,Sección nueva: /* Fusión de artículos */,77167,"{{noesunforo}}
{{PR|Historia militar}}
{{Caja de archivos|[[/Archivo 1|Archivo 1]]}}

== ¿Que tipo de articulo es este? ==

No es un articulo enciclopédico y no precede en este tipo de paginas, ni da una visión histórica de La Conquista de América. No hay referencias historiograficas ni de ningun hi",False,False,Usuario_Registrado,Sección nueva:,"== ¿Que tipo de articulo es este? ==

No es un articulo enciclopédico y no precede en este tipo de paginas, ni da una visión histórica de La Conquista de América. No hay referencias historiograficas ni de ningun hi"
2023-12-16T02:13:21Z,MiguelAngel fotografo,"Sección nueva: /* La sección ""Opiniones de intelectuales sobre la conquista de América""..... */",76399,"{{noesunforo}}
{{PR|Historia militar}}
{{Caja de archivos|[[/Archivo 1|Archivo 1]]}}

== ¿Que tipo de articulo es este? ==

No es un articulo enciclopédico y no precede en este tipo de paginas, ni da una visión histórica de La Conquista de América. No hay referencias historiograficas ni de ningun hi",False,False,Usuario_Registrado,Sección nueva:,"== ¿Que tipo de articulo es este? ==

No es un articulo enciclopédico y no precede en este tipo de paginas, ni da una visión histórica de La Conquista de América. No hay referencias historiograficas ni de ningun hi"
2023-12-15T23:13:26Z,Imperio Español YT,/* ¿Leyes de Burgos? */,75971,"{{noesunforo}}
{{PR|Historia militar}}
{{Caja de archivos|[[/Archivo 1|Archivo 1]]}}

== ¿Que tipo de articulo es este? ==

No es un articulo enciclopédico y no precede en este tipo de paginas, ni da una visión histórica de La Conquista de América. No hay referencias historiograficas ni de ningun hi",False,False,Usuario_Registrado,,"== ¿Que tipo de articulo es este? ==

No es un articulo enciclopédico y no precede en este tipo de paginas, ni da una visión histórica de La Conquista de América. No hay referencias historiograficas ni de ningun hi"
2023-12-15T23:11:35Z,Imperio Español YT,Sección nueva: /* ¿Leyes de Burgos? */,75795,"{{noesunforo}}
{{PR|Historia militar}}
{{Caja de archivos|[[/Archivo 1|Archivo 1]]}}

== ¿Que tipo de articulo es este? ==

No es un articulo enciclopédico y no precede en este tipo de paginas, ni da una visión histórica de La Conquista de América. No hay referencias historiograficas ni de ningun hi",False,False,Usuario_Registrado,Sección nueva:,"== ¿Que tipo de articulo es este? ==

No es un articulo enciclopédico y no precede en este tipo de paginas, ni da una visión histórica de La Conquista de América. No hay referencias historiograficas ni de ningun hi"
2023-11-10T08:50:27Z,A.piquerasm,Deshecha la [[Especial:Diff/155207479|edición 155207479]] de [[Especial:Contribuciones/2.139.168.224|2.139.168.224]] ([[Usuario Discusión:2.139.168.224|disc.]]) Desecho vandalismo.,74609,"{{noesunforo}}
{{PR|Historia militar}}
{{Caja de archivos|[[/Archivo 1|Archivo 1]]}}

== ¿Que tipo de articulo es este? ==

No es un articulo enciclopédico y no precede en este tipo de paginas, ni da una visión histórica de La Conquista de América. No hay referencias historiograficas ni de ningun hi",False,False,Usuario_Registrado,Deshecha la edición 155207479 de 2.139.168.224 (disc.) Desecho vandalismo.,"== ¿Que tipo de articulo es este? ==

No es un articulo enciclopédico y no precede en este tipo de paginas, ni da una visión histórica de La Conquista de América. No hay referencias historiograficas ni de ningun hi"
2023-11-10T08:49:57Z,2.139.168.224,,74671,"{{noesunforo}}
{{PR|Historia militar}}
{{Caja de archivos|[[/Archivo 1|Archivo 1]]}}

== ¿Que tipo de articulo es este? ==

No es un articulo enciclopédico y no precede en este tipo de paginas, ni da una visión histórica de La Conquista de América. No hay referencias historiograficas ni de ningun hi",False,True,IP_Anonima,,"== ¿Que tipo de articulo es este? ==

No es un articulo enciclopédico y no precede en este tipo de paginas, ni da una visión histórica de La Conquista de América. No hay referencias historiograficas ni de ningun hi"
2023-06-16T19:04:52Z,Oscar .,Eliminando comentario [[WP:NOFORO|no acorde a la página de discusión]],74609,"{{noesunforo}}
{{PR|Historia militar}}
{{Caja de archivos|[[/Archivo 1|Archivo 1]]}}

== ¿Que tipo de articulo es este? ==

No es un articulo enciclopédico y no precede en este tipo de paginas, ni da una visión histórica de La Conquista de América. No hay referencias historiograficas ni de ningun hi",False,False,Usuario_Registrado,Eliminando comentario no acorde a la página de discusión,"== ¿Que tipo de articulo es este? ==

No es un articulo enciclopédico y no precede en este tipo de paginas, ni da una visión histórica de La Conquista de América. No hay referencias historiograficas ni de ningun hi"
2021-09-06T13:35:11Z,Ontzak,Revertidos los cambios de [[Special:Contributions/181.42.41.175|181.42.41.175]] ([[User talk:181.42.41.175|disc.]]) a la última edición de Arcthurus,75476,"{{noesunforo}}
{{PR|Historia militar}}
{{Caja de archivos|[[/Archivo 1|Archivo 1]]}}

== ¿Que tipo de articulo es este? ==

No es un articulo enciclopédico y no precede en este tipo de paginas, ni da una visión histórica de La Conquista de América. No hay referencias historiograficas ni de ningun hi",False,False,Usuario_Registrado,Revertidos los cambios de 181.42.41.175 (disc.) a la última edición de Arcthurus,"== ¿Que tipo de articulo es este? ==

No es un articulo enciclopédico y no precede en este tipo de paginas, ni da una visión histórica de La Conquista de América. No hay referencias historiograficas ni de ningun hi"
2021-09-06T13:34:27Z,181.42.41.175,,75552,"{{noesunforo}}
{{PR|Historia militar}}
{{Caja de archivos|[[/Archivo 1|Archivo 1]]}}

== ¿Que tipo de articulo es este? ==

No es un articulo enciclopédico y no precede en este tipo de paginas, ni da una visión histórica de La Conquista de América. No hay referencias historiograficas ni de ningun hi",False,True,IP_Anonima,,"== ¿Que tipo de articulo es este? ==

No es un articulo enciclopédico y no precede en este tipo de paginas, ni da una visión histórica de La Conquista de América. No hay referencias historiograficas ni de ningun hi"
2021-02-28T21:00:59Z,Arcthurus,Deshecha la edición 133605450 de [[Especial:Contribuciones/190.148.50.81|190.148.50.81]] ([[Usuario Discusión:190.148.50.81|disc.]]),75476,"{{noesunforo}}
{{PR|Historia militar}}
{{Caja de archivos|[[/Archivo 1|Archivo 1]]}}

== ¿Que tipo de articulo es este? ==

No es un articulo enciclopédico y no precede en este tipo de paginas, ni da una visión histórica de La Conquista de América. No hay referencias historiograficas ni de ningun hi",False,False,Usuario_Registrado,Deshecha la edición 133605450 de 190.148.50.81 (disc.),"== ¿Que tipo de articulo es este? ==

No es un articulo enciclopédico y no precede en este tipo de paginas, ni da una visión histórica de La Conquista de América. No hay referencias historiograficas ni de ningun hi"
2021-02-28T20:59:59Z,190.148.50.81,/* APACHES */,75496,"{{noesunforo}}
{{PR|Historia militar}}
{{Caja de archivos|[[/Archivo 1|Archivo 1]]}}

== ¿Que tipo de articulo es este? ==

No es un articulo enciclopédico y no precede en este tipo de paginas, ni da una visión histórica de La Conquista de América. No hay referencias historiograficas ni de ningun hi",False,True,IP_Anonima,,"== ¿Que tipo de articulo es este? ==

No es un articulo enciclopédico y no precede en este tipo de paginas, ni da una visión histórica de La Conquista de América. No hay referencias historiograficas ni de ningun hi"
2020-12-16T00:25:02Z,Geom,Revertidos los cambios de [[Special:Contributions/2800:370:48:C0C0:78F0:9A9C:4F6:E6DA|2800:370:48:C0C0:78F0:9A9C:4F6:E6DA]] ([[User talk:2800:370:48:C0C0:78F0:9A9C:4F6:E6DA|disc.]]) a la última edición de Geom,75476,"{{noesunforo}}
{{PR|Historia militar}}
{{Caja de archivos|[[/Archivo 1|Archivo 1]]}}

== ¿Que tipo de articulo es este? ==

No es un articulo enciclopédico y no precede en este tipo de paginas, ni da una visión histórica de La Conquista de América. No hay referencias historiograficas ni de ningun hi",False,False,Usuario_Registrado,Revertidos los cambios de 2800:370:48:C0C0:78F0:9A9C:4F6:E6DA (disc.) a la última edición de Geom,"== ¿Que tipo de articulo es este? ==

No es un articulo enciclopédico y no precede en este tipo de paginas, ni da una visión histórica de La Conquista de América. No hay referencias historiograficas ni de ningun hi"
2020-12-16T00:13:27Z,2800:370:48:C0C0:78F0:9A9C:4F6:E6DA,,75489,"=== Texto de título ===
{{noesunforo}}
{{PR|Historia militar}}
[[Archivo:P|miniaturadeimagen|po]]

== ¿Que tipo de articulo es este? ==

No es un articulo enciclopédico y no precede en este tipo de paginas, ni da una visión histórica de La Conquista de América. No hay referencias historiograficas ni",False,True,IP_Anonima,,"=== Texto de título ===


miniaturadeimagen|po

== ¿Que tipo de articulo es este? ==

No es un articulo enciclopédico y no precede en este tipo de paginas, ni da una visión histórica de La Conquista de América. No hay referencias historiograficas ni"
2020-08-10T11:13:29Z,Geom,Revertidos los cambios de [[Special:Contributions/203.59.117.190|203.59.117.190]] ([[User talk:203.59.117.190|disc.]]) a la última edición de Bcoto,75476,"{{noesunforo}}
{{PR|Historia militar}}
{{Caja de archivos|[[/Archivo 1|Archivo 1]]}}

== ¿Que tipo de articulo es este? ==

No es un articulo enciclopédico y no precede en este tipo de paginas, ni da una visión histórica de La Conquista de América. No hay referencias historiograficas ni de ningun hi",False,False,Usuario_Registrado,Revertidos los cambios de 203.59.117.190 (disc.) a la última edición de Bcoto,"== ¿Que tipo de articulo es este? ==

No es un articulo enciclopédico y no precede en este tipo de paginas, ni da una visión histórica de La Conquista de América. No hay referencias historiograficas ni de ningun hi"
2020-08-10T04:45:31Z,203.59.117.190,/* ¿Que tipo de articulo es este? */,76197,"{{noesunforo}}
{{PR|Historia militar}}
{{Caja de archivos|[[/Archivo 1|Archivo 1]]}}

== ¿Que tipo de articulo es este? ==

No es un articulo enciclopédico y no precede en este tipo de paginas, ni da una visión histórica de La Conquista de América. No hay referencias historiograficas ni de ningun hi",False,True,IP_Anonima,,"== ¿Que tipo de articulo es este? ==

No es un articulo enciclopédico y no precede en este tipo de paginas, ni da una visión histórica de La Conquista de América. No hay referencias historiograficas ni de ningun hi"
2020-08-10T04:44:30Z,203.59.117.190,/* ¿Que tipo de articulo es este? */,76189,"{{noesunforo}}
{{PR|Historia militar}}
{{Caja de archivos|[[/Archivo 1|Archivo 1]]}}

== ¿Que tipo de articulo es este? ==

No es un articulo enciclopédico y no precede en este tipo de paginas, ni da una visión histórica de La Conquista de América. No hay referencias historiograficas ni de ningun hi",False,True,IP_Anonima,,"== ¿Que tipo de articulo es este? ==

No es un articulo enciclopédico y no precede en este tipo de paginas, ni da una visión histórica de La Conquista de América. No hay referencias historiograficas ni de ningun hi"
2020-08-10T04:43:11Z,203.59.117.190,/* ¿Que tipo de articulo es este? */,76178,"{{noesunforo}}
{{PR|Historia militar}}
{{Caja de archivos|[[/Archivo 1|Archivo 1]]}}

== ¿Que tipo de articulo es este? ==

No es un articulo enciclopédico y no precede en este tipo de paginas, ni da una visión histórica de La Conquista de América. No hay referencias historiograficas ni de ningun hi",False,True,IP_Anonima,,"== ¿Que tipo de articulo es este? ==

No es un articulo enciclopédico y no precede en este tipo de paginas, ni da una visión histórica de La Conquista de América. No hay referencias historiograficas ni de ningun hi"
2020-08-05T12:05:58Z,Kirchhoff,/* ¿Que tipo de articulo es este? */ Respondo por un poner algo,75476,"{{noesunforo}}
{{PR|Historia militar}}
{{Caja de archivos|[[/Archivo 1|Archivo 1]]}}

== ¿Que tipo de articulo es este? ==

No es un articulo enciclopédico y no precede en este tipo de paginas, ni da una visión histórica de La Conquista de América. No hay referencias historiograficas ni de ningun hi",False,False,Usuario_Registrado,Respondo por un poner algo,"== ¿Que tipo de articulo es este? ==

No es un articulo enciclopédico y no precede en este tipo de paginas, ni da una visión histórica de La Conquista de América. No hay referencias historiograficas ni de ningun hi"
2020-08-05T09:15:05Z,Geom,/* ¿Que tipo de articulo es este? */,75102,"{{noesunforo}}
{{PR|Historia militar}}
{{Caja de archivos|[[/Archivo 1|Archivo 1]]}}

== ¿Que tipo de articulo es este? ==

No es un articulo enciclopédico y no precede en este tipo de paginas, ni da una visión histórica de La Conquista de América. No hay referencias historiograficas ni de ningun hi",False,False,Usuario_Registrado,,"== ¿Que tipo de articulo es este? ==

No es un articulo enciclopédico y no precede en este tipo de paginas, ni da una visión histórica de La Conquista de América. No hay referencias historiograficas ni de ningun hi"
2020-08-05T01:30:51Z,203.59.117.190,/* ¿Que tipo de articulo es este? */,74737,"{{noesunforo}}
{{PR|Historia militar}}
{{Caja de archivos|[[/Archivo 1|Archivo 1]]}}

== ¿Que tipo de articulo es este? ==

No es un articulo enciclopédico y no precede en este tipo de paginas, ni da una visión histórica de La Conquista de América. No hay referencias historiograficas ni de ningun hi",False,True,IP_Anonima,,"== ¿Que tipo de articulo es este? ==

No es un articulo enciclopédico y no precede en este tipo de paginas, ni da una visión histórica de La Conquista de América. No hay referencias historiograficas ni de ningun hi"
2020-07-04T19:27:06Z,Jarould,Revertidos los cambios de [[Special:Contributions/181.168.93.100|181.168.93.100]] ([[User talk:181.168.93.100|disc.]]) a la última edición de InternetArchiveBot,73871,"{{noesunforo}}
{{PR|Historia militar}}
{{Caja de archivos|[[/Archivo 1|Archivo 1]]}}

== ¿Que tipo de articulo es este? ==

No es un articulo enciclopédico y no precede en este tipo de paginas, ni da una visión histórica de La Conquista de América. No hay referencias historiograficas ni de ningun hi",False,False,Usuario_Registrado,Revertidos los cambios de 181.168.93.100 (disc.) a la última edición de InternetArchiveBot,"== ¿Que tipo de articulo es este? ==

No es un articulo enciclopédico y no precede en este tipo de paginas, ni da una visión histórica de La Conquista de América. No hay referencias historiograficas ni de ningun hi"
2020-07-04T19:25:43Z,181.168.93.100,/* ¿Que tipo de articulo es este? */,73961,"{{noesunforo}}
{{PR|Historia militar}}
{{Caja de archivos|[[/Archivo 1|Archivo 1]]}}

== ¿Que tipo de articulo es este? ==
NO FUE UNA CONQUISTA. AMERICA YA ESTABA POBLADA POR INDIGENAS QUE ASESINARON LOS EUROPEOS

No es un articulo enciclopédico y no precede en este tipo de paginas, ni da una visión",False,True,IP_Anonima,,"== ¿Que tipo de articulo es este? ==
NO FUE UNA CONQUISTA. AMERICA YA ESTABA POBLADA POR INDIGENAS QUE ASESINARON LOS EUROPEOS

No es un articulo enciclopédico y no precede en este tipo de paginas, ni da una visión"
2020-06-03T15:24:46Z,InternetArchiveBot,Notificación sobre referencias alteradas que necesitan revisión) #IABot (v2.0.1,73871,"{{noesunforo}}
{{PR|Historia militar}}
{{Caja de archivos|[[/Archivo 1|Archivo 1]]}}

== ¿Que tipo de articulo es este? ==

No es un articulo enciclopédico y no precede en este tipo de paginas, ni da una visión histórica de La Conquista de América. No hay referencias historiograficas ni de ningun hi",True,False,Bot,Notificación sobre referencias alteradas que necesitan revisión) #IABot (v2.0.1,"== ¿Que tipo de articulo es este? ==

No es un articulo enciclopédico y no precede en este tipo de paginas, ni da una visión histórica de La Conquista de América. No hay referencias historiograficas ni de ningun hi"
2019-09-30T07:15:45Z,MetroBot,Bot: corrigiendo errores de sintaxis. [[Especial:Errores de sintaxis/obsolete-tag|Etiquetas HTML obsoletas]]. ¿[[User Talk:Metrónomo|algún error]]?,72671,"{{noesunforo}}
{{PR|Historia militar}}
{{Caja de archivos|[[/Archivo 1|Archivo 1]]}}

== ¿Que tipo de articulo es este? ==

No es un articulo enciclopédico y no precede en este tipo de paginas, ni da una visión histórica de La Conquista de América. No hay referencias historiograficas ni de ningun hi",True,False,Bot,Bot: corrigiendo errores de sintaxis. Etiquetas HTML obsoletas. ¿algún error?,"== ¿Que tipo de articulo es este? ==

No es un articulo enciclopédico y no precede en este tipo de paginas, ni da una visión histórica de La Conquista de América. No hay referencias historiograficas ni de ningun hi"
2019-09-02T03:11:22Z,InternetArchiveBot,Notificación sobre referencias alteradas que necesitan revisión) #IABot (v2.0,72659,"{{noesunforo}}
{{PR|Historia militar}}
{{Caja de archivos|[[/Archivo 1|Archivo 1]]}}

== ¿Que tipo de articulo es este? ==

No es un articulo enciclopédico y no precede en este tipo de paginas, ni da una visión histórica de La Conquista de América. No hay referencias historiograficas ni de ningun hi",True,False,Bot,Notificación sobre referencias alteradas que necesitan revisión) #IABot (v2.0,"== ¿Que tipo de articulo es este? ==

No es un articulo enciclopédico y no precede en este tipo de paginas, ni da una visión histórica de La Conquista de América. No hay referencias historiograficas ni de ningun hi"
2019-04-10T12:36:46Z,InternetArchiveBot,Notificación sobre referencias alteradas que necesitan revisión #IABot (v2.0beta14),70978,"{{noesunforo}}
{{PR|Historia militar}}
{{Caja de archivos|[[/Archivo 1|Archivo 1]]}}

== ¿Que tipo de articulo es este? ==

No es un articulo enciclopédico y no precede en este tipo de paginas, ni da una visión histórica de La Conquista de América. No hay referencias historiograficas ni de ningun hi",True,False,Bot,Notificación sobre referencias alteradas que necesitan revisión #IABot (v2.0beta14),"== ¿Que tipo de articulo es este? ==

No es un articulo enciclopédico y no precede en este tipo de paginas, ni da una visión histórica de La Conquista de América. No hay referencias historiograficas ni de ningun hi"
2019-02-18T17:53:11Z,Geom,Revertidos los cambios de [[Special:Contributions/83.48.9.74|83.48.9.74]] ([[User talk:83.48.9.74|disc.]]) a la última edición de PeriodiBOT,70035,"{{noesunforo}}
{{PR|Historia militar}}
{{Caja de archivos|[[/Archivo 1|Archivo 1]]}}

== ¿Que tipo de articulo es este? ==

No es un articulo enciclopédico y no precede en este tipo de paginas, ni da una visión histórica de La Conquista de América. No hay referencias historiograficas ni de ningun hi",False,False,Usuario_Registrado,Revertidos los cambios de 83.48.9.74 (disc.) a la última edición de PeriodiBOT,"== ¿Que tipo de articulo es este? ==

No es un articulo enciclopédico y no precede en este tipo de paginas, ni da una visión histórica de La Conquista de América. No hay referencias historiograficas ni de ningun hi"
2019-02-18T16:00:33Z,83.48.9.74,,0,,False,True,IP_Anonima,,
2018-11-28T14:38:59Z,PeriodiBOT,Bot: Corrigiendo redirección de plantilla.,70035,"{{noesunforo}}
{{PR|Historia militar}}
{{Caja de archivos|[[/Archivo 1|Archivo 1]]}}

== ¿Que tipo de articulo es este? ==

No es un articulo enciclopédico y no precede en este tipo de paginas, ni da una visión histórica de La Conquista de América. No hay referencias historiograficas ni de ningun hi",True,False,Bot,Bot: Corrigiendo redirección de plantilla.,"== ¿Que tipo de articulo es este? ==

No es un articulo enciclopédico y no precede en este tipo de paginas, ni da una visión histórica de La Conquista de América. No hay referencias historiograficas ni de ningun hi"
2018-09-24T23:29:46Z,AddRoundKey,Deshecha la edición 110832338 de [[Especial:Contribuciones/200.83.236.128|200.83.236.128]] ([[Usuario Discusión:200.83.236.128|disc.]]),70032,"{{noesunforo}}
{{PR|Historia militar}}
{{Caja archivos|[[/Archivo 1|Archivo 1]]}}

== ¿Que tipo de articulo es este? ==

No es un articulo enciclopédico y no precede en este tipo de paginas, ni da una visión histórica de La Conquista de América. No hay referencias historiograficas ni de ningun histo",False,False,Usuario_Registrado,Deshecha la edición 110832338 de 200.83.236.128 (disc.),"== ¿Que tipo de articulo es este? ==

No es un articulo enciclopédico y no precede en este tipo de paginas, ni da una visión histórica de La Conquista de América. No hay referencias historiograficas ni de ningun histo"
2018-09-24T23:21:49Z,200.83.236.128,/* ¿Genocidio? */,70043,"{{noesunforo}}
{{PR|Historia militar}}
{{Caja archivos|[[/Archivo 1|Archivo 1]]}}

== ¿Que tipo de articulo es este? ==

No es un articulo enciclopédico y no precede en este tipo de paginas, ni da una visión histórica de La Conquista de América. No hay referencias historiograficas ni de ningun histo",False,True,IP_Anonima,,"== ¿Que tipo de articulo es este? ==

No es un articulo enciclopédico y no precede en este tipo de paginas, ni da una visión histórica de La Conquista de América. No hay referencias historiograficas ni de ningun histo"
2018-07-15T18:24:54Z,Rodtico21,Deshecha la edición 109303143 de [[Especial:Contribuciones/Rievla|Rievla]] ([[Usuario Discusión:Rievla|disc.]]),70032,"{{noesunforo}}
{{PR|Historia militar}}
{{Caja archivos|[[/Archivo 1|Archivo 1]]}}

== ¿Que tipo de articulo es este? ==

No es un articulo enciclopédico y no precede en este tipo de paginas, ni da una visión histórica de La Conquista de América. No hay referencias historiograficas ni de ningun histo",False,False,Usuario_Registrado,Deshecha la edición 109303143 de Rievla (disc.),"== ¿Que tipo de articulo es este? ==

No es un articulo enciclopédico y no precede en este tipo de paginas, ni da una visión histórica de La Conquista de América. No hay referencias historiograficas ni de ningun histo"
2018-07-15T18:19:27Z,Rievla,/* ¿Que tipo de articulo es este? */,70029,"{{noesunforo}}
{{PR|Historia militar}}
{{Caja archivos|[[/Archivo 1|Archivo 1]]}}

== ¿Que tipo de articulo es este? ==

No es un articulo enciclopédico y no precede en este tipo de paginas, ni da una visión histórica de La Invasión de América. No hay referencias historiograficas ni de ningun histor",False,False,Usuario_Registrado,,"== ¿Que tipo de articulo es este? ==

No es un articulo enciclopédico y no precede en este tipo de paginas, ni da una visión histórica de La Invasión de América. No hay referencias historiograficas ni de ningun histor"
2018-01-21T13:03:50Z,Jcfidy,,70032,"{{noesunforo}}
{{PR|Historia militar}}
{{Caja archivos|[[/Archivo 1|Archivo 1]]}}

== ¿Que tipo de articulo es este? ==

No es un articulo enciclopédico y no precede en este tipo de paginas, ni da una visión histórica de La Conquista de América. No hay referencias historiograficas ni de ningun histo",False,False,Usuario_Registrado,,"== ¿Que tipo de articulo es este? ==

No es un articulo enciclopédico y no precede en este tipo de paginas, ni da una visión histórica de La Conquista de América. No hay referencias historiograficas ni de ningun histo"
2018-01-21T12:56:21Z,Asepsia,,69637,"{{noesunforo}}
{{PR|Historia militar}}
{{Caja archivos|[[/Archivo 1|Archivo 1]]}}


== Articulo sesgado, subjetivo y presenta a los españoles como unos Nazis ==

El articulo no es nada serio, es ofensivo, totalmente subjetivo, no tiene encuenta la opresión de los incas o aztecas hacia otros pueblos,",False,False,Usuario_Registrado,,"== Articulo sesgado, subjetivo y presenta a los españoles como unos Nazis ==

El articulo no es nada serio, es ofensivo, totalmente subjetivo, no tiene encuenta la opresión de los incas o aztecas hacia otros pueblos,"
2017-07-06T19:05:50Z,Jcfidy,Deshecha la edición 100301574 de [[Especial:Contribuciones/190.239.191.45|190.239.191.45]] ([[Usuario Discusión:190.239.191.45|disc.]]) [[5WP:NOFORO]],69166,"{{noesunforo}}
{{PR|Historia militar}}
{{Caja archivos|[[/Archivo 1|Archivo 1]]}}


== ¿Que tipo de articulo es este? ==

No es un articulo enciclopédico y no precede en este tipo de paginas, ni da una visión histórica de La Conquista de América. No hay referencias historiograficas ni de ningun hist",False,False,Usuario_Registrado,Deshecha la edición 100301574 de 190.239.191.45 (disc.) 5WP:NOFORO,"== ¿Que tipo de articulo es este? ==

No es un articulo enciclopédico y no precede en este tipo de paginas, ni da una visión histórica de La Conquista de América. No hay referencias historiograficas ni de ningun hist"
2017-07-06T16:45:42Z,190.239.191.45,,69703,"{{noesunforo}}
{{PR|Historia militar}}
{{Caja archivos|[[/Archivo 1|Archivo 1]]}}

¿Conquista?
La colonización que los europeos hicieron fue una INVASION. Acerca de la palabra genocidio, supongo que los que lo niegan son españoles, me causa curiosidad que varios de ellos mencionan la tan aclamada «l",False,True,IP_Anonima,,"¿Conquista?
La colonización que los europeos hicieron fue una INVASION. Acerca de la palabra genocidio, supongo que los que lo niegan son españoles, me causa curiosidad que varios de ellos mencionan la tan aclamada «l"
2016-09-12T07:00:14Z,81.36.211.48,,69166,"{{noesunforo}}
{{PR|Historia militar}}
{{Caja archivos|[[/Archivo 1|Archivo 1]]}}


== ¿Que tipo de articulo es este? ==

No es un articulo enciclopédico y no precede en este tipo de paginas, ni da una visión histórica de La Conquista de América. No hay referencias historiograficas ni de ningun hist",False,True,IP_Anonima,,"== ¿Que tipo de articulo es este? ==

No es un articulo enciclopédico y no precede en este tipo de paginas, ni da una visión histórica de La Conquista de América. No hay referencias historiograficas ni de ningun hist"
2016-09-11T20:00:26Z,81.36.211.48,,67744,"{{noesunforo}}
{{PR|Historia militar}}
{{Caja archivos|[[/Archivo 1|Archivo 1]]}}


== ¿Que tipo de articulo es este? ==

No es un articulo enciclopédico y no precede en este tipo de paginas, ni da una visión histórica de La Conquista de América. No hay referencias historiograficas ni de ningun hist",False,True,IP_Anonima,,"== ¿Que tipo de articulo es este? ==

No es un articulo enciclopédico y no precede en este tipo de paginas, ni da una visión histórica de La Conquista de América. No hay referencias historiograficas ni de ningun hist"
2016-09-11T19:23:16Z,Jcfidy,/* Uruguay y el exterminio de sus indígenas */,67079,"{{noesunforo}}
{{PR|Historia militar}}
{{Caja archivos|[[/Archivo 1|Archivo 1]]}}


== ¿Que tipo de articulo es este? ==

No es un articulo enciclopédico y no precede en este tipo de paginas, ni da una visión histórica de La Conquista de América. No hay referencias historiograficas ni de ningun hist",False,False,Usuario_Registrado,,"== ¿Que tipo de articulo es este? ==

No es un articulo enciclopédico y no precede en este tipo de paginas, ni da una visión histórica de La Conquista de América. No hay referencias historiograficas ni de ningun hist"
2016-09-11T17:10:39Z,81.36.211.48,,66864,"{{noesunforo}}
{{PR|Historia militar}}
{{Caja archivos|[[/Archivo 1|Archivo 1]]}}


== ¿Que tipo de articulo es este? ==

No es un articulo enciclopédico y no precede en este tipo de paginas, ni da una visión histórica de La Conquista de América. No hay referencias historiograficas ni de ningun hist",False,True,IP_Anonima,,"== ¿Que tipo de articulo es este? ==

No es un articulo enciclopédico y no precede en este tipo de paginas, ni da una visión histórica de La Conquista de América. No hay referencias historiograficas ni de ningun hist"
2016-09-11T16:10:38Z,Jcfidy,/* Uruguay y el exterminio de sus indígenas */,66580,"{{noesunforo}}
{{PR|Historia militar}}
{{Caja archivos|[[/Archivo 1|Archivo 1]]}}


== ¿Que tipo de articulo es este? ==

No es un articulo enciclopédico y no precede en este tipo de paginas, ni da una visión histórica de La Conquista de América. No hay referencias historiograficas ni de ningun hist",False,False,Usuario_Registrado,,"== ¿Que tipo de articulo es este? ==

No es un articulo enciclopédico y no precede en este tipo de paginas, ni da una visión histórica de La Conquista de América. No hay referencias historiograficas ni de ningun hist"
2016-09-11T12:59:59Z,Jcfidy,/* Uruguay y el exterminio de sus indígenas */,66395,"{{noesunforo}}
{{PR|Historia militar}}
{{Caja archivos|[[/Archivo 1|Archivo 1]]}}


== ¿Que tipo de articulo es este? ==

No es un articulo enciclopédico y no precede en este tipo de paginas, ni da una visión histórica de La Conquista de América. No hay referencias historiograficas ni de ningun hist",False,False,Usuario_Registrado,,"== ¿Que tipo de articulo es este? ==

No es un articulo enciclopédico y no precede en este tipo de paginas, ni da una visión histórica de La Conquista de América. No hay referencias historiograficas ni de ningun hist"
2016-09-11T12:04:16Z,81.36.211.48,,66058,"{{noesunforo}}
{{PR|Historia militar}}
{{Caja archivos|[[/Archivo 1|Archivo 1]]}}


== ¿Que tipo de articulo es este? ==

No es un articulo enciclopédico y no precede en este tipo de paginas, ni da una visión histórica de La Conquista de América. No hay referencias historiograficas ni de ningun hist",False,True,IP_Anonima,,"== ¿Que tipo de articulo es este? ==

No es un articulo enciclopédico y no precede en este tipo de paginas, ni da una visión histórica de La Conquista de América. No hay referencias historiograficas ni de ningun hist"
2016-09-02T11:44:05Z,83.47.74.246,,64836,"{{noesunforo}}
{{PR|Historia militar}}
{{Caja archivos|[[/Archivo 1|Archivo 1]]}}


== ¿Que tipo de articulo es este? ==

No es un articulo enciclopédico y no precede en este tipo de paginas, ni da una visión histórica de La Conquista de América. No hay referencias historiograficas ni de ningun hist",False,True,IP_Anonima,,"== ¿Que tipo de articulo es este? ==

No es un articulo enciclopédico y no precede en este tipo de paginas, ni da una visión histórica de La Conquista de América. No hay referencias historiograficas ni de ningun hist"
2016-08-31T14:43:41Z,Rodtico21,Deshecha la edición 93304098 de [[Especial:Contribuciones/187.193.47.182|187.193.47.182]] ([[Usuario Discusión:187.193.47.182|disc.]]),64446,"{{noesunforo}}
{{PR|Historia militar}}
{{Caja archivos|[[/Archivo 1|Archivo 1]]}}


== ¿Que tipo de articulo es este? ==

No es un articulo enciclopédico y no precede en este tipo de paginas, ni da una visión histórica de La Conquista de América. No hay referencias historiograficas ni de ningun hist",False,False,Usuario_Registrado,Deshecha la edición 93304098 de 187.193.47.182 (disc.),"== ¿Que tipo de articulo es este? ==

No es un articulo enciclopédico y no precede en este tipo de paginas, ni da una visión histórica de La Conquista de América. No hay referencias historiograficas ni de ningun hist"
2016-08-31T13:25:07Z,187.193.47.182,,64453,"{{noesunforo}}
{{PR|Historia militar}}
{{Caja archivos|[[/Archivo 1|Archivo 1]]}}


== ¿Que tipo de articulo es este? ==

No es un articulo enciclopédico y no precede en este tipo de paginas, ni da una visión histórica de La Conquista de América. No hay referencias historiograficas ni de ningun hist",False,True,IP_Anonima,,"== ¿Que tipo de articulo es este? ==

No es un articulo enciclopédico y no precede en este tipo de paginas, ni da una visión histórica de La Conquista de América. No hay referencias historiograficas ni de ningun hist"
2016-08-17T00:08:46Z,Mansoncc,Revertidos los cambios de [[Special:Contributions/186.13.5.70|186.13.5.70]] ([[User talk:186.13.5.70|disc.]]) a la última edición de 79.146.216.146,64446,"{{noesunforo}}
{{PR|Historia militar}}
{{Caja archivos|[[/Archivo 1|Archivo 1]]}}


== ¿Que tipo de articulo es este? ==

No es un articulo enciclopédico y no precede en este tipo de paginas, ni da una visión histórica de La Conquista de América. No hay referencias historiograficas ni de ningun hist",False,False,Usuario_Registrado,Revertidos los cambios de 186.13.5.70 (disc.) a la última edición de 79.146.216.146,"== ¿Que tipo de articulo es este? ==

No es un articulo enciclopédico y no precede en este tipo de paginas, ni da una visión histórica de La Conquista de América. No hay referencias historiograficas ni de ningun hist"
2016-08-17T00:04:58Z,186.13.5.70,/* ¿Genocidio? */,64419,"{{noesunforo}}
{{PR|Historia militar}}
{{Caja archivos|[[/Archivo 1|Archivo 1]]}}


== ¿Que tipo de articulo es este? ==

No es un articulo enciclopédico y no precede en este tipo de paginas, ni da una visión histórica de La Conquista de América. No hay referencias historiograficas ni de ningun hist",False,True,IP_Anonima,,"== ¿Que tipo de articulo es este? ==

No es un articulo enciclopédico y no precede en este tipo de paginas, ni da una visión histórica de La Conquista de América. No hay referencias historiograficas ni de ningun hist"
2016-08-16T06:00:18Z,79.146.216.146,,64446,"{{noesunforo}}
{{PR|Historia militar}}
{{Caja archivos|[[/Archivo 1|Archivo 1]]}}


== ¿Que tipo de articulo es este? ==

No es un articulo enciclopédico y no precede en este tipo de paginas, ni da una visión histórica de La Conquista de América. No hay referencias historiograficas ni de ningun hist",False,True,IP_Anonima,,"== ¿Que tipo de articulo es este? ==

No es un articulo enciclopédico y no precede en este tipo de paginas, ni da una visión histórica de La Conquista de América. No hay referencias historiograficas ni de ningun hist"
2016-08-15T19:00:16Z,79.146.216.146,Sección nueva: /* Uruguay y el exterminio de sus indígenas */,63841,"{{noesunforo}}
{{PR|Historia militar}}
{{Caja archivos|[[/Archivo 1|Archivo 1]]}}


== ¿Que tipo de articulo es este? ==

No es un articulo enciclopédico y no precede en este tipo de paginas, ni da una visión histórica de La Conquista de América. No hay referencias historiograficas ni de ningun hist",False,True,IP_Anonima,Sección nueva:,"== ¿Que tipo de articulo es este? ==

No es un articulo enciclopédico y no precede en este tipo de paginas, ni da una visión histórica de La Conquista de América. No hay referencias historiograficas ni de ningun hist"
2016-08-08T16:00:14Z,88.19.157.216,,63056,"{{noesunforo}}
{{PR|Historia militar}}
{{Caja archivos|[[/Archivo 1|Archivo 1]]}}


== ¿Que tipo de articulo es este? ==

No es un articulo enciclopédico y no precede en este tipo de paginas, ni da una visión histórica de La Conquista de América. No hay referencias historiograficas ni de ningun hist",False,True,IP_Anonima,,"== ¿Que tipo de articulo es este? ==

No es un articulo enciclopédico y no precede en este tipo de paginas, ni da una visión histórica de La Conquista de América. No hay referencias historiograficas ni de ningun hist"
2016-08-08T15:18:45Z,Asqueladd,/* APACHES */,62219,"{{noesunforo}}
{{PR|Historia militar}}
{{Caja archivos|[[/Archivo 1|Archivo 1]]}}


== ¿Que tipo de articulo es este? ==

No es un articulo enciclopédico y no precede en este tipo de paginas, ni da una visión histórica de La Conquista de América. No hay referencias historiograficas ni de ningun hist",False,False,Usuario_Registrado,,"== ¿Que tipo de articulo es este? ==

No es un articulo enciclopédico y no precede en este tipo de paginas, ni da una visión histórica de La Conquista de América. No hay referencias historiograficas ni de ningun hist"
2016-08-08T15:09:11Z,Asqueladd,Deshecha la edición 92825708 de [[Especial:Contribuciones/88.19.157.216|88.19.157.216]] ([[Usuario Discusión:88.19.157.216|disc.]]) [[WP:NAP]],61774,"{{noesunforo}}
{{PR|Historia militar}}
{{Caja archivos|[[/Archivo 1|Archivo 1]]}}


== ¿Que tipo de articulo es este? ==

No es un articulo enciclopédico y no precede en este tipo de paginas, ni da una visión histórica de La Conquista de América. No hay referencias historiograficas ni de ningun hist",False,False,Usuario_Registrado,Deshecha la edición 92825708 de 88.19.157.216 (disc.) WP:NAP,"== ¿Que tipo de articulo es este? ==

No es un articulo enciclopédico y no precede en este tipo de paginas, ni da una visión histórica de La Conquista de América. No hay referencias historiograficas ni de ningun hist"
2016-08-08T15:00:13Z,88.19.157.216,,62683,"{{noesunforo}}
{{PR|Historia militar}}
{{Caja archivos|[[/Archivo 1|Archivo 1]]}}


== ¿Que tipo de articulo es este? ==

No es un articulo enciclopédico y no precede en este tipo de paginas, ni da una visión histórica de La Conquista de América. No hay referencias historiograficas ni de ningun hist",False,True,IP_Anonima,,"== ¿Que tipo de articulo es este? ==

No es un articulo enciclopédico y no precede en este tipo de paginas, ni da una visión histórica de La Conquista de América. No hay referencias historiograficas ni de ningun hist"
2016-08-03T17:58:07Z,Jcfidy,/* APACHES */,61452,"{{noesunforo}}
{{PR|Historia militar}}
{{Caja archivos|[[/Archivo 1|Archivo 1]]}}


== ¿Que tipo de articulo es este? ==

No es un articulo enciclopédico y no precede en este tipo de paginas, ni da una visión histórica de La Conquista de América. No hay referencias historiograficas ni de ningun hist",False,False,Usuario_Registrado,,"== ¿Que tipo de articulo es este? ==

No es un articulo enciclopédico y no precede en este tipo de paginas, ni da una visión histórica de La Conquista de América. No hay referencias historiograficas ni de ningun hist"
2016-08-03T17:57:24Z,Jcfidy,/* APACHES */,61450,"{{noesunforo}}
{{PR|Historia militar}}
{{Caja archivos|[[/Archivo 1|Archivo 1]]}}


== ¿Que tipo de articulo es este? ==

No es un articulo enciclopédico y no precede en este tipo de paginas, ni da una visión histórica de La Conquista de América. No hay referencias historiograficas ni de ningun hist",False,False,Usuario_Registrado,,"== ¿Que tipo de articulo es este? ==

No es un articulo enciclopédico y no precede en este tipo de paginas, ni da una visión histórica de La Conquista de América. No hay referencias historiograficas ni de ningun hist"
2016-08-03T14:14:23Z,81.32.121.104,,60990,"{{noesunforo}}
{{PR|Historia militar}}
{{Caja archivos|[[/Archivo 1|Archivo 1]]}}


== ¿Que tipo de articulo es este? ==

No es un articulo enciclopédico y no precede en este tipo de paginas, ni da una visión histórica de La Conquista de América. No hay referencias historiograficas ni de ningun hist",False,True,IP_Anonima,,"== ¿Que tipo de articulo es este? ==

No es un articulo enciclopédico y no precede en este tipo de paginas, ni da una visión histórica de La Conquista de América. No hay referencias historiograficas ni de ningun hist"
2016-08-03T13:59:27Z,81.32.121.104,,60863,"{{noesunforo}}
{{PR|Historia militar}}
{{Caja archivos|[[/Archivo 1|Archivo 1]]}}


== ¿Que tipo de articulo es este? ==

No es un articulo enciclopédico y no precede en este tipo de paginas, ni da una visión histórica de La Conquista de América. No hay referencias historiograficas ni de ningun hist",False,True,IP_Anonima,,"== ¿Que tipo de articulo es este? ==

No es un articulo enciclopédico y no precede en este tipo de paginas, ni da una visión histórica de La Conquista de América. No hay referencias historiograficas ni de ningun hist"
2016-08-02T07:24:16Z,Jcfidy,/* APACHES */,58004,"{{noesunforo}}
{{PR|Historia militar}}
{{Caja archivos|[[/Archivo 1|Archivo 1]]}}


== ¿Que tipo de articulo es este? ==

No es un articulo enciclopédico y no precede en este tipo de paginas, ni da una visión histórica de La Conquista de América. No hay referencias historiograficas ni de ningun hist",False,False,Usuario_Registrado,,"== ¿Que tipo de articulo es este? ==

No es un articulo enciclopédico y no precede en este tipo de paginas, ni da una visión histórica de La Conquista de América. No hay referencias historiograficas ni de ningun hist"
2016-06-24T19:46:34Z,Caminoderoma,/* ¿Conquistas Vikingas? */,54586,"{{noesunforo}}
{{PR|Historia militar}}
{{Caja archivos|[[/Archivo 1|Archivo 1]]}}


== ¿Que tipo de articulo es este? ==

No es un articulo enciclopédico y no precede en este tipo de paginas, ni da una visión histórica de La Conquista de América. No hay referencias historiograficas ni de ningun hist",False,False,Usuario_Registrado,,"== ¿Que tipo de articulo es este? ==

No es un articulo enciclopédico y no precede en este tipo de paginas, ni da una visión histórica de La Conquista de América. No hay referencias historiograficas ni de ningun hist"
2016-06-23T13:18:58Z,Jcfidy,/* ¿Conquistas Vikingas? */,54092,"{{noesunforo}}
{{PR|Historia militar}}
{{Caja archivos|[[/Archivo 1|Archivo 1]]}}


== ¿Que tipo de articulo es este? ==

No es un articulo enciclopédico y no precede en este tipo de paginas, ni da una visión histórica de La Conquista de América. No hay referencias historiograficas ni de ningun hist",False,False,Usuario_Registrado,,"== ¿Que tipo de articulo es este? ==

No es un articulo enciclopédico y no precede en este tipo de paginas, ni da una visión histórica de La Conquista de América. No hay referencias historiograficas ni de ningun hist"
2016-06-23T13:15:33Z,Jcfidy,/* ¿Conquistas Vikingas? */,53875,"{{noesunforo}}
{{PR|Historia militar}}
{{Caja archivos|[[/Archivo 1|Archivo 1]]}}


== ¿Que tipo de articulo es este? ==

No es un articulo enciclopédico y no precede en este tipo de paginas, ni da una visión histórica de La Conquista de América. No hay referencias historiograficas ni de ningun hist",False,False,Usuario_Registrado,,"== ¿Que tipo de articulo es este? ==

No es un articulo enciclopédico y no precede en este tipo de paginas, ni da una visión histórica de La Conquista de América. No hay referencias historiograficas ni de ningun hist"
2016-06-23T13:00:49Z,Caminoderoma,/* ¿Conquistas Vikingas? */,53330,"{{noesunforo}}
{{PR|Historia militar}}
{{Caja archivos|[[/Archivo 1|Archivo 1]]}}


== ¿Que tipo de articulo es este? ==

No es un articulo enciclopédico y no precede en este tipo de paginas, ni da una visión histórica de La Conquista de América. No hay referencias historiograficas ni de ningun hist",False,False,Usuario_Registrado,,"== ¿Que tipo de articulo es este? ==

No es un articulo enciclopédico y no precede en este tipo de paginas, ni da una visión histórica de La Conquista de América. No hay referencias historiograficas ni de ningun hist"
2016-06-23T12:26:43Z,Jcfidy,/* ¿Conquistas Vikingas? */,52908,"{{noesunforo}}
{{PR|Historia militar}}
{{Caja archivos|[[/Archivo 1|Archivo 1]]}}


== ¿Que tipo de articulo es este? ==

No es un articulo enciclopédico y no precede en este tipo de paginas, ni da una visión histórica de La Conquista de América. No hay referencias historiograficas ni de ningun hist",False,False,Usuario_Registrado,,"== ¿Que tipo de articulo es este? ==

No es un articulo enciclopédico y no precede en este tipo de paginas, ni da una visión histórica de La Conquista de América. No hay referencias historiograficas ni de ningun hist"
2016-06-23T12:15:22Z,Caminoderoma,,52594,"{{noesunforo}}
{{PR|Historia militar}}
{{Caja archivos|[[/Archivo 1|Archivo 1]]}}


== ¿Que tipo de articulo es este? ==

No es un articulo enciclopédico y no precede en este tipo de paginas, ni da una visión histórica de La Conquista de América. No hay referencias historiograficas ni de ningun hist",False,False,Usuario_Registrado,,"== ¿Que tipo de articulo es este? ==

No es un articulo enciclopédico y no precede en este tipo de paginas, ni da una visión histórica de La Conquista de América. No hay referencias historiograficas ni de ningun hist"
2016-06-19T17:36:55Z,Davius,/* APACHES */,52324,"{{noesunforo}}
{{PR|Historia militar}}
{{Caja archivos|[[/Archivo 1|Archivo 1]]}}


== ¿Que tipo de articulo es este? ==

No es un articulo enciclopédico y no precede en este tipo de paginas, ni da una visión histórica de La Conquista de América. No hay referencias historiograficas ni de ningun hist",False,False,Usuario_Registrado,,"== ¿Que tipo de articulo es este? ==

No es un articulo enciclopédico y no precede en este tipo de paginas, ni da una visión histórica de La Conquista de América. No hay referencias historiograficas ni de ningun hist"
2016-06-18T07:16:36Z,79.144.158.89,,52320,"{{noesunforo}}
{{PR|Historia militar}}
{{Caja archivos|[[/Archivo 1|Archivo 1]]}}


== ¿Que tipo de articulo es este? ==

No es un articulo enciclopédico y no precede en este tipo de paginas, ni da una visión histórica de La Conquista de América. No hay referencias historiograficas ni de ningun hist",False,True,IP_Anonima,,"== ¿Que tipo de articulo es este? ==

No es un articulo enciclopédico y no precede en este tipo de paginas, ni da una visión histórica de La Conquista de América. No hay referencias historiograficas ni de ningun hist"
2016-06-17T20:31:42Z,79.144.158.89,,52133,"{{noesunforo}}
{{PR|Historia militar}}
{{Caja archivos|[[/Archivo 1|Archivo 1]]}}


== ¿Que tipo de articulo es este? ==

No es un articulo enciclopédico y no precede en este tipo de paginas, ni da una visión histórica de La Conquista de América. No hay referencias historiograficas ni de ningun hist",False,True,IP_Anonima,,"== ¿Que tipo de articulo es este? ==

No es un articulo enciclopédico y no precede en este tipo de paginas, ni da una visión histórica de La Conquista de América. No hay referencias historiograficas ni de ningun hist"
2016-06-16T15:00:26Z,83.32.232.159,,51975,"{{noesunforo}}
{{PR|Historia militar}}
{{Caja archivos|[[/Archivo 1|Archivo 1]]}}


== ¿Que tipo de articulo es este? ==

No es un articulo enciclopédico y no precede en este tipo de paginas, ni da una visión histórica de La Conquista de América. No hay referencias historiograficas ni de ningun hist",False,True,IP_Anonima,,"== ¿Que tipo de articulo es este? ==

No es un articulo enciclopédico y no precede en este tipo de paginas, ni da una visión histórica de La Conquista de América. No hay referencias historiograficas ni de ningun hist"
2016-06-16T13:04:25Z,83.32.232.159,,49628,"{{noesunforo}}
{{PR|Historia militar}}
{{Caja archivos|[[/Archivo 1|Archivo 1]]}}


== ¿Que tipo de articulo es este? ==

No es un articulo enciclopédico y no precede en este tipo de paginas, ni da una visión histórica de La Conquista de América. No hay referencias historiograficas ni de ningun hist",False,True,IP_Anonima,,"== ¿Que tipo de articulo es este? ==

No es un articulo enciclopédico y no precede en este tipo de paginas, ni da una visión histórica de La Conquista de América. No hay referencias historiograficas ni de ningun hist"
2016-06-16T11:26:34Z,Jcfidy,/* APACHES */,49223,"{{noesunforo}}
{{PR|Historia militar}}
{{Caja archivos|[[/Archivo 1|Archivo 1]]}}


== ¿Que tipo de articulo es este? ==

No es un articulo enciclopédico y no precede en este tipo de paginas, ni da una visión histórica de La Conquista de América. No hay referencias historiograficas ni de ningun hist",False,False,Usuario_Registrado,,"== ¿Que tipo de articulo es este? ==

No es un articulo enciclopédico y no precede en este tipo de paginas, ni da una visión histórica de La Conquista de América. No hay referencias historiograficas ni de ningun hist"
2016-06-16T11:14:07Z,83.32.232.159,Sección nueva: /* APACHES */,48965,"{{noesunforo}}
{{PR|Historia militar}}
{{Caja archivos|[[/Archivo 1|Archivo 1]]}}


== ¿Que tipo de articulo es este? ==

No es un articulo enciclopédico y no precede en este tipo de paginas, ni da una visión histórica de La Conquista de América. No hay referencias historiograficas ni de ningun hist",False,True,IP_Anonima,Sección nueva:,"== ¿Que tipo de articulo es este? ==

No es un articulo enciclopédico y no precede en este tipo de paginas, ni da una visión histórica de La Conquista de América. No hay referencias historiograficas ni de ningun hist"
2016-03-21T13:15:37Z,Jcfidy,/* Añadido de IP */ retiro (por posible evasión de bloqueo),48276,"{{noesunforo}}
{{PR|Historia militar}}
{{Caja archivos|[[/Archivo 1|Archivo 1]]}}


== ¿Que tipo de articulo es este? ==

No es un articulo enciclopédico y no precede en este tipo de paginas, ni da una visión histórica de La Conquista de América. No hay referencias historiograficas ni de ningun hist",False,False,Usuario_Registrado,retiro (por posible evasión de bloqueo),"== ¿Que tipo de articulo es este? ==

No es un articulo enciclopédico y no precede en este tipo de paginas, ni da una visión histórica de La Conquista de América. No hay referencias historiograficas ni de ningun hist"
2016-03-21T13:14:04Z,Jcfidy,/* Añadido de IP */ oosp,48269,"{{noesunforo}}
{{PR|Historia militar}}
{{Caja archivos|[[/Archivo 1|Archivo 1]]}}


== ¿Que tipo de articulo es este? ==

No es un articulo enciclopédico y no precede en este tipo de paginas, ni da una visión histórica de La Conquista de América. No hay referencias historiograficas ni de ningun hist",False,False,Usuario_Registrado,oosp,"== ¿Que tipo de articulo es este? ==

No es un articulo enciclopédico y no precede en este tipo de paginas, ni da una visión histórica de La Conquista de América. No hay referencias historiograficas ni de ningun hist"
2016-03-21T13:11:27Z,Jcfidy,Sección nueva: /* Añadido de IP */,48268,"{{noesunforo}}
{{PR|Historia militar}}
{{Caja archivos|[[/Archivo 1|Archivo 1]]}}


== ¿Que tipo de articulo es este? ==

No es un articulo enciclopédico y no precede en este tipo de paginas, ni da una visión histórica de La Conquista de América. No hay referencias historiograficas ni de ningun hist",False,False,Usuario_Registrado,Sección nueva:,"== ¿Que tipo de articulo es este? ==

No es un articulo enciclopédico y no precede en este tipo de paginas, ni da una visión histórica de La Conquista de América. No hay referencias historiograficas ni de ningun hist"
2016-03-19T20:12:07Z,178.139.126.11,Sección nueva: /* No puedo comunicarme con el reversor por tener su discusión semiprotegida */,47553,"{{noesunforo}}
{{PR|Historia militar}}
{{Caja archivos|[[/Archivo 1|Archivo 1]]}}


== ¿Que tipo de articulo es este? ==

No es un articulo enciclopédico y no precede en este tipo de paginas, ni da una visión histórica de La Conquista de América. No hay referencias historiograficas ni de ningun hist",False,True,IP_Anonima,Sección nueva:,"== ¿Que tipo de articulo es este? ==

No es un articulo enciclopédico y no precede en este tipo de paginas, ni da una visión histórica de La Conquista de América. No hay referencias historiograficas ni de ningun hist"
2016-03-19T01:27:12Z,178.139.126.11,/* Falta de neutralidad */,47060,"{{noesunforo}}
{{PR|Historia militar}}
{{Caja archivos|[[/Archivo 1|Archivo 1]]}}


== ¿Que tipo de articulo es este? ==

No es un articulo enciclopédico y no precede en este tipo de paginas, ni da una visión histórica de La Conquista de América. No hay referencias historiograficas ni de ningun hist",False,True,IP_Anonima,,"== ¿Que tipo de articulo es este? ==

No es un articulo enciclopédico y no precede en este tipo de paginas, ni da una visión histórica de La Conquista de América. No hay referencias historiograficas ni de ningun hist"
2015-06-17T12:04:44Z,Jaluj,Sección nueva: /* Falta de neutralidad */,46595,"{{noesunforo}}
{{PR|Historia militar}}
{{Caja archivos|[[/Archivo 1|Archivo 1]]}}


== ¿Que tipo de articulo es este? ==

No es un articulo enciclopédico y no precede en este tipo de paginas, ni da una visión histórica de La Conquista de América. No hay referencias historiograficas ni de ningun hist",False,False,Usuario_Registrado,Sección nueva:,"== ¿Que tipo de articulo es este? ==

No es un articulo enciclopédico y no precede en este tipo de paginas, ni da una visión histórica de La Conquista de América. No hay referencias historiograficas ni de ningun hist"
2015-06-17T00:24:51Z,Expósito,Revertidos los cambios de [[Special:Contributions/190.148.24.178|190.148.24.178]] ([[User talk:190.148.24.178|disc.]]) a la última edición de Mansoncc,43249,"{{noesunforo}}
{{PR|Historia militar}}
{{Caja archivos|[[/Archivo 1|Archivo 1]]}}


== ¿Que tipo de articulo es este? ==

No es un articulo enciclopédico y no precede en este tipo de paginas, ni da una visión histórica de La Conquista de América. No hay referencias historiograficas ni de ningun hist",False,False,Usuario_Registrado,Revertidos los cambios de 190.148.24.178 (disc.) a la última edición de Mansoncc,"== ¿Que tipo de articulo es este? ==

No es un articulo enciclopédico y no precede en este tipo de paginas, ni da una visión histórica de La Conquista de América. No hay referencias historiograficas ni de ningun hist"
2015-06-16T23:19:43Z,190.148.24.178,saber idiotas,43378,"[[Especial:Contributions/190.148.24.178|190.148.24.178]] ([[Usuario Discusión:190.148.24.178|discusión]]) 23:19 16 jun 2015 (UTC){{noesunforo}}
{{PR|Historia militar}}
{{Caja archivos|[[/Archivo 1|Archivo 1]]}}


== ¿Que tipo de articulo es este? ==

No es un articulo enciclopédico y no precede en e",False,True,IP_Anonima,saber idiotas,"190.148.24.178 (discusión) 23:19 16 jun 2015 (UTC)




== ¿Que tipo de articulo es este? ==

No es un articulo enciclopédico y no precede en e"
2015-05-26T17:52:17Z,Mansoncc,,43249,"{{noesunforo}}
{{PR|Historia militar}}
{{Caja archivos|[[/Archivo 1|Archivo 1]]}}


== ¿Que tipo de articulo es este? ==

No es un articulo enciclopédico y no precede en este tipo de paginas, ni da una visión histórica de La Conquista de América. No hay referencias historiograficas ni de ningun hist",False,False,Usuario_Registrado,,"== ¿Que tipo de articulo es este? ==

No es un articulo enciclopédico y no precede en este tipo de paginas, ni da una visión histórica de La Conquista de América. No hay referencias historiograficas ni de ningun hist"
2015-05-26T15:48:58Z,181.31.138.157,,43056,"{{noesunforo}}
{{PR|Historia militar}}
{{Caja archivos|[[/Archivo 1|Archivo 1]]}}


== ¿Que tipo de articulo es este? ==

No es un articulo enciclopédico y no precede en este tipo de paginas, ni da una visión histórica de La Conquista de América. No hay referencias historiograficas ni de ningun hist",False,True,IP_Anonima,,"== ¿Que tipo de articulo es este? ==

No es un articulo enciclopédico y no precede en este tipo de paginas, ni da una visión histórica de La Conquista de América. No hay referencias historiograficas ni de ningun hist"
2014-11-11T00:37:47Z,Rodtico21,Deshecha la edición 78074259 de [[Especial:Contribuciones/190.28.75.11|190.28.75.11]] ([[Usuario Discusión:190.28.75.11|disc.]]),42601,"{{noesunforo}}
{{PR|Historia militar}}
{{Caja archivos|[[/Archivo 1|Archivo 1]]}}


== ¿Que tipo de articulo es este? ==

No es un articulo enciclopédico y no precede en este tipo de paginas, ni da una visión histórica de La Conquista de América. No hay referencias historiograficas ni de ningun hist",False,False,Usuario_Registrado,Deshecha la edición 78074259 de 190.28.75.11 (disc.),"== ¿Que tipo de articulo es este? ==

No es un articulo enciclopédico y no precede en este tipo de paginas, ni da una visión histórica de La Conquista de América. No hay referencias historiograficas ni de ningun hist"
2014-11-11T00:29:32Z,190.28.75.11,/* ¿Genocidio? */,43549,"{{noesunforo}}
{{PR|Historia militar}}
{{Caja archivos|[[/Archivo 1|Archivo 1]]}}


== ¿Que tipo de articulo es este? ==

No es un articulo enciclopédico y no precede en este tipo de paginas, ni da una visión histórica de La Conquista de América. No hay referencias historiograficas ni de ningun hist",False,True,IP_Anonima,,"== ¿Que tipo de articulo es este? ==

No es un articulo enciclopédico y no precede en este tipo de paginas, ni da una visión histórica de La Conquista de América. No hay referencias historiograficas ni de ningun hist"
2014-07-29T23:36:51Z,Mansoncc,Revertidos los cambios de [[Special:Contributions/200.122.75.40|200.122.75.40]] ([[User talk:200.122.75.40|disc.]]) a la última edición de -Erick-,42601,"{{noesunforo}}
{{PR|Historia militar}}
{{Caja archivos|[[/Archivo 1|Archivo 1]]}}


== ¿Que tipo de articulo es este? ==

No es un articulo enciclopédico y no precede en este tipo de paginas, ni da una visión histórica de La Conquista de América. No hay referencias historiograficas ni de ningun hist",False,False,Usuario_Registrado,Revertidos los cambios de 200.122.75.40 (disc.) a la última edición de -Erick-,"== ¿Que tipo de articulo es este? ==

No es un articulo enciclopédico y no precede en este tipo de paginas, ni da una visión histórica de La Conquista de América. No hay referencias historiograficas ni de ningun hist"
2014-07-29T19:33:58Z,200.122.75.40,/* ¿Que tipo de articulo es este? */,41556,"{{noesunforo}}
{{PR|Historia militar}}
{{Caja archivos|[[/Archivo 1|Archivo 1]]}}


¿QUIÉN TE CONOCE PAPÁ?

== ¿Genocidio? ==

Me parece inapropiado el enfoque que se le da a la cuestión, más propio de reivindicaciones indigenistas que me parecen muy respetables y que pienso que deberían de ser trat",False,True,IP_Anonima,,"¿QUIÉN TE CONOCE PAPÁ?

== ¿Genocidio? ==

Me parece inapropiado el enfoque que se le da a la cuestión, más propio de reivindicaciones indigenistas que me parecen muy respetables y que pienso que deberían de ser trat"
2012-10-25T15:07:13Z,-Erick-,Revertidos los cambios de [[Special:Contributions/189.240.179.237|189.240.179.237]] ([[User talk:189.240.179.237|disc.]]) a la última edición de Jaluj,42601,"{{noesunforo}}
{{PR|Historia militar}}
{{Caja archivos|[[/Archivo 1|Archivo 1]]}}


== ¿Que tipo de articulo es este? ==

No es un articulo enciclopédico y no precede en este tipo de paginas, ni da una visión histórica de La Conquista de América. No hay referencias historiograficas ni de ningun hist",False,False,Usuario_Registrado,Revertidos los cambios de 189.240.179.237 (disc.) a la última edición de Jaluj,"== ¿Que tipo de articulo es este? ==

No es un articulo enciclopédico y no precede en este tipo de paginas, ni da una visión histórica de La Conquista de América. No hay referencias historiograficas ni de ningun hist"
2012-10-25T14:53:42Z,189.240.179.237,,42602,"{{noesunforo}}
{{PR|Historia militar}}
{{Caja archivos|[[/Archivo 1|Archivo 1]]}}


== ¿Que tipo de articulo es este? ==

No es un articulos enciclopédico y no precede en este tipo de paginas, ni da una visión histórica de La Conquista de América. No hay referencias historiograficas ni de ningun his",False,True,IP_Anonima,,"== ¿Que tipo de articulo es este? ==

No es un articulos enciclopédico y no precede en este tipo de paginas, ni da una visión histórica de La Conquista de América. No hay referencias historiograficas ni de ningun his"
2012-02-14T20:59:03Z,Jaluj,/* La parcialidad de este artículo es patente y lamentable. */,42601,"{{noesunforo}}
{{PR|Historia militar}}
{{Caja archivos|[[/Archivo 1|Archivo 1]]}}


== ¿Que tipo de articulo es este? ==

No es un articulo enciclopédico y no precede en este tipo de paginas, ni da una visión histórica de La Conquista de América. No hay referencias historiograficas ni de ningun hist",False,False,Usuario_Registrado,,"== ¿Que tipo de articulo es este? ==

No es un articulo enciclopédico y no precede en este tipo de paginas, ni da una visión histórica de La Conquista de América. No hay referencias historiograficas ni de ningun hist"
2012-02-13T00:08:09Z,Yavidaxiu,/* La parcialidad de este artículo es patente y lamentable. */,42466,"{{noesunforo}}
{{PR|Historia militar}}
{{Caja archivos|[[/Archivo 1|Archivo 1]]}}


== ¿Que tipo de articulo es este? ==

No es un articulo enciclopédico y no precede en este tipo de paginas, ni da una visión histórica de La Conquista de América. No hay referencias historiograficas ni de ningun hist",False,False,Usuario_Registrado,,"== ¿Que tipo de articulo es este? ==

No es un articulo enciclopédico y no precede en este tipo de paginas, ni da una visión histórica de La Conquista de América. No hay referencias historiograficas ni de ningun hist"
2012-02-11T18:11:12Z,AldanaN,/* La parcialidad de este artículo es patente y lamentable. */,42071,"{{noesunforo}}
{{PR|Historia militar}}
{{Caja archivos|[[/Archivo 1|Archivo 1]]}}


== ¿Que tipo de articulo es este? ==

No es un articulo enciclopédico y no precede en este tipo de paginas, ni da una visión histórica de La Conquista de América. No hay referencias historiograficas ni de ningun hist",False,False,Usuario_Registrado,,"== ¿Que tipo de articulo es este? ==

No es un articulo enciclopédico y no precede en este tipo de paginas, ni da una visión histórica de La Conquista de América. No hay referencias historiograficas ni de ningun hist"
2012-02-11T18:08:15Z,Cheveri,Aviso,41942,"{{noesunforo}}
{{PR|Historia militar}}
{{Caja archivos|[[/Archivo 1|Archivo 1]]}}


== ¿Que tipo de articulo es este? ==

No es un articulo enciclopédico y no precede en este tipo de paginas, ni da una visión histórica de La Conquista de América. No hay referencias historiograficas ni de ningun hist",False,False,Usuario_Registrado,Aviso,"== ¿Que tipo de articulo es este? ==

No es un articulo enciclopédico y no precede en este tipo de paginas, ni da una visión histórica de La Conquista de América. No hay referencias historiograficas ni de ningun hist"
2012-02-11T18:00:12Z,79.151.209.95,,41719,"{{noesunforo}}
{{PR|Historia militar}}
{{Caja archivos|[[/Archivo 1|Archivo 1]]}}


== ¿Que tipo de articulo es este? ==

No es un articulo enciclopédico y no precede en este tipo de paginas, ni da una visión histórica de La Conquista de América. No hay referencias historiograficas ni de ningun hist",False,True,IP_Anonima,,"== ¿Que tipo de articulo es este? ==

No es un articulo enciclopédico y no precede en este tipo de paginas, ni da una visión histórica de La Conquista de América. No hay referencias historiograficas ni de ningun hist"
2012-02-11T17:20:58Z,79.151.209.95,,41322,"{{noesunforo}}
{{PR|Historia militar}}
{{Caja archivos|[[/Archivo 1|Archivo 1]]}}


== ¿Que tipo de articulo es este? ==

No es un articulo enciclopédico y no precede en este tipo de paginas, ni da una visión histórica de La Conquista de América. No hay referencias historiograficas ni de ningun hist",False,True,IP_Anonima,,"== ¿Que tipo de articulo es este? ==

No es un articulo enciclopédico y no precede en este tipo de paginas, ni da una visión histórica de La Conquista de América. No hay referencias historiograficas ni de ningun hist"
2012-02-11T17:16:17Z,79.151.209.95,,41320,"{{noesunforo}}
{{PR|Historia militar}}
{{Caja archivos|[[/Archivo 1|Archivo 1]]}}


== ¿Que tipo de articulo es este? ==

No es un articulo enciclopédico y no precede en este tipo de paginas, ni da una visión histórica de La Conquista de América. No hay referencias historiograficas ni de ningun hist",False,True,IP_Anonima,,"== ¿Que tipo de articulo es este? ==

No es un articulo enciclopédico y no precede en este tipo de paginas, ni da una visión histórica de La Conquista de América. No hay referencias historiograficas ni de ningun hist"
2012-02-11T16:51:06Z,79.151.209.95,,41310,"{{noesunforo}}
{{PR|Historia militar}}
{{Caja archivos|[[/Archivo 1|Archivo 1]]}}


== ¿Que tipo de articulo es este? ==

No es un articulo enciclopédico y no precede en este tipo de paginas, ni da una visión histórica de La Conquista de América. No hay referencias historiograficas ni de ningun hist",False,True,IP_Anonima,,"== ¿Que tipo de articulo es este? ==

No es un articulo enciclopédico y no precede en este tipo de paginas, ni da una visión histórica de La Conquista de América. No hay referencias historiograficas ni de ningun hist"
2012-02-11T16:08:40Z,Jaontiveros,/* La parcialidad de este artículo es patente y lamentable. */ oops,40431,"{{noesunforo}}
{{PR|Historia militar}}
{{Caja archivos|[[/Archivo 1|Archivo 1]]}}


== ¿Que tipo de articulo es este? ==

No es un articulo enciclopédico y no precede en este tipo de paginas, ni da una visión histórica de La Conquista de América. No hay referencias historiograficas ni de ningun hist",False,False,Usuario_Registrado,oops,"== ¿Que tipo de articulo es este? ==

No es un articulo enciclopédico y no precede en este tipo de paginas, ni da una visión histórica de La Conquista de América. No hay referencias historiograficas ni de ningun hist"
2012-02-11T16:06:36Z,Jaontiveros,/* La parcialidad de este artículo es patente y lamentable. */ añado,40427,"{{noesunforo}}
{{PR|Historia militar}}
{{Caja archivos|[[/Archivo 1|Archivo 1]]}}


== ¿Que tipo de articulo es este? ==

No es un articulo enciclopédico y no precede en este tipo de paginas, ni da una visión histórica de La Conquista de América. No hay referencias historiograficas ni de ningun hist",False,False,Usuario_Registrado,añado,"== ¿Que tipo de articulo es este? ==

No es un articulo enciclopédico y no precede en este tipo de paginas, ni da una visión histórica de La Conquista de América. No hay referencias historiograficas ni de ningun hist"
2012-02-11T15:55:09Z,Jaontiveros,/* La parcialidad de este artículo es patente y lamentable. */ comentario,39682,"{{noesunforo}}
{{PR|Historia militar}}
{{Caja archivos|[[/Archivo 1|Archivo 1]]}}


== ¿Que tipo de articulo es este? ==

No es un articulo enciclopédico y no precede en este tipo de paginas, ni da una visión histórica de La Conquista de América. No hay referencias historiograficas ni de ningun hist",False,False,Usuario_Registrado,comentario,"== ¿Que tipo de articulo es este? ==

No es un articulo enciclopédico y no precede en este tipo de paginas, ni da una visión histórica de La Conquista de América. No hay referencias historiograficas ni de ningun hist"
2012-02-11T15:25:46Z,79.151.209.95,,38702,"{{noesunforo}}
{{PR|Historia militar}}
{{Caja archivos|[[/Archivo 1|Archivo 1]]}}


== ¿Que tipo de articulo es este? ==

No es un articulo enciclopédico y no precede en este tipo de paginas, ni da una visión histórica de La Conquista de América. No hay referencias historiograficas ni de ningun hist",False,True,IP_Anonima,,"== ¿Que tipo de articulo es este? ==

No es un articulo enciclopédico y no precede en este tipo de paginas, ni da una visión histórica de La Conquista de América. No hay referencias historiograficas ni de ningun hist"
2012-02-11T14:32:55Z,Cheveri,,38100,"{{noesunforo}}
{{PR|Historia militar}}
{{Caja archivos|[[/Archivo 1|Archivo 1]]}}


== ¿Que tipo de articulo es este? ==

No es un articulo enciclopédico y no precede en este tipo de paginas, ni da una visión histórica de La Conquista de América. No hay referencias historiograficas ni de ningun hist",False,False,Usuario_Registrado,,"== ¿Que tipo de articulo es este? ==

No es un articulo enciclopédico y no precede en este tipo de paginas, ni da una visión histórica de La Conquista de América. No hay referencias historiograficas ni de ningun hist"
2012-02-11T14:31:46Z,Cheveri,[[Wikipedia:Wikipedia no es un foro]],38102,"{{noesunforo}}
ψ{{PR|Historia militar}}

{{Caja archivos|[[/Archivo 1|Archivo 1]]}}


== ¿Que tipo de articulo es este? ==

No es un articulo enciclopédico y no precede en este tipo de paginas, ni da una visión histórica de La Conquista de América. No hay referencias historiograficas ni de ningun hi",False,False,Usuario_Registrado,Wikipedia:Wikipedia no es un foro,"ψ




== ¿Que tipo de articulo es este? ==

No es un articulo enciclopédico y no precede en este tipo de paginas, ni da una visión histórica de La Conquista de América. No hay referencias historiograficas ni de ningun hi"
2012-02-11T14:04:33Z,Yavidaxiu,/* La parcialidad de este artículo es patente y lamentable. */,38087,"ψ{{PR|Historia militar}}

{{Caja archivos|[[/Archivo 1|Archivo 1]]}}


== ¿Que tipo de articulo es este? ==

No es un articulo enciclopédico y no precede en este tipo de paginas, ni da una visión histórica de La Conquista de América. No hay referencias historiograficas ni de ningun historiador...NIN",False,False,Usuario_Registrado,,"ψ




== ¿Que tipo de articulo es este? ==

No es un articulo enciclopédico y no precede en este tipo de paginas, ni da una visión histórica de La Conquista de América. No hay referencias historiograficas ni de ningun historiador...NIN"
2012-02-11T07:12:31Z,79.151.209.95,,37319,"ψ{{PR|Historia militar}}

{{Caja archivos|[[/Archivo 1|Archivo 1]]}}


== ¿Que tipo de articulo es este? ==

No es un articulo enciclopédico y no precede en este tipo de paginas, ni da una visión histórica de La Conquista de América. No hay referencias historiograficas ni de ningun historiador...NIN",False,True,IP_Anonima,,"ψ




== ¿Que tipo de articulo es este? ==

No es un articulo enciclopédico y no precede en este tipo de paginas, ni da una visión histórica de La Conquista de América. No hay referencias historiograficas ni de ningun historiador...NIN"
2012-02-11T07:10:13Z,79.151.209.95,,37319,"ψ{{PR|Historia militar}}

{{Caja archivos|[[/Archivo 1|Archivo 1]]}}


== ¿Que tipo de articulo es este? ==

No es un articulo enciclopédico y no precede en este tipo de paginas, ni da una visión histórica de La Conquista de América. No hay referencias historiograficas ni de ningun historiador...NIN",False,True,IP_Anonima,,"ψ




== ¿Que tipo de articulo es este? ==

No es un articulo enciclopédico y no precede en este tipo de paginas, ni da una visión histórica de La Conquista de América. No hay referencias historiograficas ni de ningun historiador...NIN"
2012-02-11T07:01:00Z,79.151.209.95,,37315,"ψ{{PR|Historia militar}}

{{Caja archivos|[[/Archivo 1|Archivo 1]]}}


== ¿Que tipo de articulo es este? ==

No es un articulo enciclopédico y no precede en este tipo de paginas, ni da una visión histórica de La Conquista de América. No hay referencias historiograficas ni de ningun historiador...NIN",False,True,IP_Anonima,,"ψ




== ¿Que tipo de articulo es este? ==

No es un articulo enciclopédico y no precede en este tipo de paginas, ni da una visión histórica de La Conquista de América. No hay referencias historiograficas ni de ningun historiador...NIN"
2012-02-11T07:00:11Z,79.151.209.95,,37186,"ψ{{PR|Historia militar}}

{{Caja archivos|[[/Archivo 1|Archivo 1]]}}


== ¿Que tipo de articulo es este? ==

No es un articulo enciclopédico y no precede en este tipo de paginas, ni da una visión histórica de La Conquista de América. No hay referencias historiograficas ni de ningun historiador...NIN",False,True,IP_Anonima,,"ψ




== ¿Que tipo de articulo es este? ==

No es un articulo enciclopédico y no precede en este tipo de paginas, ni da una visión histórica de La Conquista de América. No hay referencias historiograficas ni de ningun historiador...NIN"
2012-01-28T15:31:40Z,Maailma,/* La parcialidad de este artículo es patente y lamentable. */,36459,"ψ{{PR|Historia militar}}

{{Caja archivos|[[/Archivo 1|Archivo 1]]}}


== ¿Que tipo de articulo es este? ==

No es un articulo enciclopédico y no precede en este tipo de paginas, ni da una visión histórica de La Conquista de América. No hay referencias historiograficas ni de ningun historiador...NIN",False,False,Usuario_Registrado,,"ψ




== ¿Que tipo de articulo es este? ==

No es un articulo enciclopédico y no precede en este tipo de paginas, ni da una visión histórica de La Conquista de América. No hay referencias historiograficas ni de ningun historiador...NIN"
2012-01-21T15:23:05Z,AldanaN,/* La parcialidad de este artículo es patente y lamentable. */ no firmado,35856,"ψ{{PR|Historia militar}}

{{Caja archivos|[[/Archivo 1|Archivo 1]]}}


== ¿Que tipo de articulo es este? ==

No es un articulo enciclopédico y no precede en este tipo de paginas, ni da una visión histórica de La Conquista de América. No hay referencias historiograficas ni de ningun historiador...NIN",False,False,Usuario_Registrado,no firmado,"ψ




== ¿Que tipo de articulo es este? ==

No es un articulo enciclopédico y no precede en este tipo de paginas, ni da una visión histórica de La Conquista de América. No hay referencias historiograficas ni de ningun historiador...NIN"
2012-01-21T15:04:33Z,Yavidaxiu,/* La parcialidad de este artículo es patente y lamentable. */,35646,"ψ{{PR|Historia militar}}

{{Caja archivos|[[/Archivo 1|Archivo 1]]}}


== ¿Que tipo de articulo es este? ==

No es un articulo enciclopédico y no precede en este tipo de paginas, ni da una visión histórica de La Conquista de América. No hay referencias historiograficas ni de ningun historiador...NIN",False,False,Usuario_Registrado,,"ψ




== ¿Que tipo de articulo es este? ==

No es un articulo enciclopédico y no precede en este tipo de paginas, ni da una visión histórica de La Conquista de América. No hay referencias historiograficas ni de ningun historiador...NIN"
2012-01-21T15:00:26Z,79.151.209.95,,35267,"ψ{{PR|Historia militar}}

{{Caja archivos|[[/Archivo 1|Archivo 1]]}}


== ¿Que tipo de articulo es este? ==

No es un articulo enciclopédico y no precede en este tipo de paginas, ni da una visión histórica de La Conquista de América. No hay referencias historiograficas ni de ningun historiador...NIN",False,True,IP_Anonima,,"ψ




== ¿Que tipo de articulo es este? ==

No es un articulo enciclopédico y no precede en este tipo de paginas, ni da una visión histórica de La Conquista de América. No hay referencias historiograficas ni de ningun historiador...NIN"
2012-01-21T12:00:17Z,79.151.209.95,,35106,"ψ{{PR|Historia militar}}

{{Caja archivos|[[/Archivo 1|Archivo 1]]}}


== ¿Que tipo de articulo es este? ==

No es un articulo enciclopédico y no precede en este tipo de paginas, ni da una visión histórica de La Conquista de América. No hay referencias historiograficas ni de ningun historiador...NIN",False,True,IP_Anonima,,"ψ




== ¿Que tipo de articulo es este? ==

No es un articulo enciclopédico y no precede en este tipo de paginas, ni da una visión histórica de La Conquista de América. No hay referencias historiograficas ni de ningun historiador...NIN"
2012-01-21T09:12:06Z,79.151.209.95,,34837,"ψ{{PR|Historia militar}}

{{Caja archivos|[[/Archivo 1|Archivo 1]]}}


== ¿Que tipo de articulo es este? ==

No es un articulo enciclopédico y no precede en este tipo de paginas, ni da una visión histórica de La Conquista de América. No hay referencias historiograficas ni de ningun historiador...NIN",False,True,IP_Anonima,,"ψ




== ¿Que tipo de articulo es este? ==

No es un articulo enciclopédico y no precede en este tipo de paginas, ni da una visión histórica de La Conquista de América. No hay referencias historiograficas ni de ningun historiador...NIN"
2012-01-21T08:04:49Z,79.151.209.95,,34613,"ψ{{PR|Historia militar}}

{{Caja archivos|[[/Archivo 1|Archivo 1]]}}


== ¿Que tipo de articulo es este? ==

No es un articulo enciclopédico y no precede en este tipo de paginas, ni da una visión histórica de La Conquista de América. No hay referencias historiograficas ni de ningun historiador...NIN",False,True,IP_Anonima,,"ψ




== ¿Que tipo de articulo es este? ==

No es un articulo enciclopédico y no precede en este tipo de paginas, ni da una visión histórica de La Conquista de América. No hay referencias historiograficas ni de ningun historiador...NIN"
2012-01-21T03:23:51Z,Yavidaxiu,/* La parcialidad de este artículo es patente y lamentable. */,33955,"ψ{{PR|Historia militar}}

{{Caja archivos|[[/Archivo 1|Archivo 1]]}}


== ¿Que tipo de articulo es este? ==

No es un articulo enciclopédico y no precede en este tipo de paginas, ni da una visión histórica de La Conquista de América. No hay referencias historiograficas ni de ningun historiador...NIN",False,False,Usuario_Registrado,,"ψ




== ¿Que tipo de articulo es este? ==

No es un articulo enciclopédico y no precede en este tipo de paginas, ni da una visión histórica de La Conquista de América. No hay referencias historiograficas ni de ningun historiador...NIN"
2012-01-20T10:00:20Z,79.151.209.95,,33197,"ψ{{PR|Historia militar}}

{{Caja archivos|[[/Archivo 1|Archivo 1]]}}


== ¿Que tipo de articulo es este? ==

No es un articulo enciclopédico y no precede en este tipo de paginas, ni da una visión histórica de La Conquista de América. No hay referencias historiograficas ni de ningun historiador...NIN",False,True,IP_Anonima,,"ψ




== ¿Que tipo de articulo es este? ==

No es un articulo enciclopédico y no precede en este tipo de paginas, ni da una visión histórica de La Conquista de América. No hay referencias historiograficas ni de ningun historiador...NIN"
2012-01-08T08:06:02Z,AldanaN,Revertido a la revisión 52805170 hecha por [[Special:Contributions/Laura Fiorucci|Laura Fiorucci]]; Advertido el usuario en su discusión que no editara sus comentarios cuando ya han sido respondidos. ([[w:es:WP:TW|TW]]),33175,"ψ{{PR|Historia militar}}

{{Caja archivos|[[/Archivo 1|Archivo 1]]}}


== ¿Que tipo de articulo es este? ==

No es un articulo enciclopédico y no precede en este tipo de paginas, ni da una visión histórica de La Conquista de América. No hay referencias historiograficas ni de ningun historiador...NIN",False,False,Usuario_Registrado,Revertido a la revisión 52805170 hecha por Laura Fiorucci; Advertido el usuario en su discusión que no editara sus comentarios cuando ya han sido respondidos. (TW),"ψ




== ¿Que tipo de articulo es este? ==

No es un articulo enciclopédico y no precede en este tipo de paginas, ni da una visión histórica de La Conquista de América. No hay referencias historiograficas ni de ningun historiador...NIN"
2012-01-08T08:00:39Z,79.144.150.60,,33312,"ψ{{PR|Historia militar}}

{{Caja archivos|[[/Archivo 1|Archivo 1]]}}


== ¿Que tipo de articulo es este? ==

No es un articulo enciclopédico y no precede en este tipo de paginas, ni da una visión histórica de La Conquista de América. No hay referencias historiograficas ni de ningun historiador...NIN",False,True,IP_Anonima,,"ψ




== ¿Que tipo de articulo es este? ==

No es un articulo enciclopédico y no precede en este tipo de paginas, ni da una visión histórica de La Conquista de América. No hay referencias historiograficas ni de ningun historiador...NIN"
2012-01-07T20:19:47Z,Laura Fiorucci,Revertidos los cambios de [[Special:Contributions/79.144.150.60|79.144.150.60]] ([[User talk:79.144.150.60|disc.]]) a la última edición de AldanaN,33175,"ψ{{PR|Historia militar}}

{{Caja archivos|[[/Archivo 1|Archivo 1]]}}


== ¿Que tipo de articulo es este? ==

No es un articulo enciclopédico y no precede en este tipo de paginas, ni da una visión histórica de La Conquista de América. No hay referencias historiograficas ni de ningun historiador...NIN",False,False,Usuario_Registrado,Revertidos los cambios de 79.144.150.60 (disc.) a la última edición de AldanaN,"ψ




== ¿Que tipo de articulo es este? ==

No es un articulo enciclopédico y no precede en este tipo de paginas, ni da una visión histórica de La Conquista de América. No hay referencias historiograficas ni de ningun historiador...NIN"
2012-01-07T18:08:10Z,79.144.150.60,,33244,"ψ{{PR|Historia militar}}

{{Caja archivos|[[/Archivo 1|Archivo 1]]}}


== ¿Que tipo de articulo es este? ==

No es un articulo enciclopédico y no precede en este tipo de paginas, ni da una visión histórica de La Conquista de América. No hay referencias historiograficas ni de ningun historiador...NIN",False,True,IP_Anonima,,"ψ




== ¿Que tipo de articulo es este? ==

No es un articulo enciclopédico y no precede en este tipo de paginas, ni da una visión histórica de La Conquista de América. No hay referencias historiograficas ni de ningun historiador...NIN"
2012-01-07T16:00:47Z,AldanaN,/* La parcialidad de este artículo es patente y lamentable. */,33175,"ψ{{PR|Historia militar}}

{{Caja archivos|[[/Archivo 1|Archivo 1]]}}


== ¿Que tipo de articulo es este? ==

No es un articulo enciclopédico y no precede en este tipo de paginas, ni da una visión histórica de La Conquista de América. No hay referencias historiograficas ni de ningun historiador...NIN",False,False,Usuario_Registrado,,"ψ




== ¿Que tipo de articulo es este? ==

No es un articulo enciclopédico y no precede en este tipo de paginas, ni da una visión histórica de La Conquista de América. No hay referencias historiograficas ni de ningun historiador...NIN"
2012-01-07T15:55:30Z,AldanaN,/* La parcialidad de este artículo es patente y lamentable. */,32843,"ψ{{PR|Historia militar}}

{{Caja archivos|[[/Archivo 1|Archivo 1]]}}


== ¿Que tipo de articulo es este? ==

No es un articulo enciclopédico y no precede en este tipo de paginas, ni da una visión histórica de La Conquista de América. No hay referencias historiograficas ni de ningun historiador...NIN",False,False,Usuario_Registrado,,"ψ




== ¿Que tipo de articulo es este? ==

No es un articulo enciclopédico y no precede en este tipo de paginas, ni da una visión histórica de La Conquista de América. No hay referencias historiograficas ni de ningun historiador...NIN"
2012-01-07T08:00:27Z,79.144.150.60,,32633,"ψ{{PR|Historia militar}}

{{Caja archivos|[[/Archivo 1|Archivo 1]]}}


== ¿Que tipo de articulo es este? ==

No es un articulo enciclopédico y no precede en este tipo de paginas, ni da una visión histórica de La Conquista de América. No hay referencias historiograficas ni de ningun historiador...NIN",False,True,IP_Anonima,,"ψ




== ¿Que tipo de articulo es este? ==

No es un articulo enciclopédico y no precede en este tipo de paginas, ni da una visión histórica de La Conquista de América. No hay referencias historiograficas ni de ningun historiador...NIN"
2012-01-05T11:14:15Z,79.144.150.60,,32576,"ψ{{PR|Historia militar}}

{{Caja archivos|[[/Archivo 1|Archivo 1]]}}


== ¿Que tipo de articulo es este? ==

No es un articulo enciclopédico y no precede en este tipo de paginas, ni da una visión histórica de La Conquista de América. No hay referencias historiograficas ni de ningun historiador...NIN",False,True,IP_Anonima,,"ψ




== ¿Que tipo de articulo es este? ==

No es un articulo enciclopédico y no precede en este tipo de paginas, ni da una visión histórica de La Conquista de América. No hay referencias historiograficas ni de ningun historiador...NIN"
2012-01-05T11:00:11Z,79.144.150.60,,32576,"ψ{{PR|Historia militar}}

{{Caja archivos|[[/Archivo 1|Archivo 1]]}}


== ¿Que tipo de articulo es este? ==

No es un articulo enciclopédico y no precede en este tipo de paginas, ni da una visión histórica de La Conquista de América. No hay referencias historiograficas ni de ningun historiador...NIN",False,True,IP_Anonima,,"ψ




== ¿Que tipo de articulo es este? ==

No es un articulo enciclopédico y no precede en este tipo de paginas, ni da una visión histórica de La Conquista de América. No hay referencias historiograficas ni de ningun historiador...NIN"
2012-01-04T14:37:42Z,Yavidaxiu,rv:[[WP:NAP]],32153,"ψ{{PR|Historia militar}}

{{Caja archivos|[[/Archivo 1|Archivo 1]]}}


== ¿Que tipo de articulo es este? ==

No es un articulo enciclopédico y no precede en este tipo de paginas, ni da una visión histórica de La Conquista de América. No hay referencias historiograficas ni de ningun historiador...NIN",False,False,Usuario_Registrado,rv:WP:NAP,"ψ




== ¿Que tipo de articulo es este? ==

No es un articulo enciclopédico y no precede en este tipo de paginas, ni da una visión histórica de La Conquista de América. No hay referencias historiograficas ni de ningun historiador...NIN"
2012-01-04T13:54:43Z,79.144.150.60,,32890,"ψ{{PR|Historia militar}}

{{Caja archivos|[[/Archivo 1|Archivo 1]]}}


== ¿Que tipo de articulo es este? ==

No es un articulo enciclopédico y no precede en este tipo de paginas, ni da una visión histórica de La Conquista de América. No hay referencias historiograficas ni de ningun historiador...NIN",False,True,IP_Anonima,,"ψ




== ¿Que tipo de articulo es este? ==

No es un articulo enciclopédico y no precede en este tipo de paginas, ni da una visión histórica de La Conquista de América. No hay referencias historiograficas ni de ningun historiador...NIN"
2012-01-03T13:16:49Z,Cheveri,/* La parcialidad de este artículo es patente y lamentable. */,32153,"ψ{{PR|Historia militar}}

{{Caja archivos|[[/Archivo 1|Archivo 1]]}}


== ¿Que tipo de articulo es este? ==

No es un articulo enciclopédico y no precede en este tipo de paginas, ni da una visión histórica de La Conquista de América. No hay referencias historiograficas ni de ningun historiador...NIN",False,False,Usuario_Registrado,,"ψ




== ¿Que tipo de articulo es este? ==

No es un articulo enciclopédico y no precede en este tipo de paginas, ni da una visión histórica de La Conquista de América. No hay referencias historiograficas ni de ningun historiador...NIN"
2012-01-03T13:11:43Z,Yavidaxiu,/* La parcialidad de este artículo es patente y lamentable. */,32050,"ψ{{PR|Historia militar}}

{{Caja archivos|[[/Archivo 1|Archivo 1]]}}


== ¿Que tipo de articulo es este? ==

No es un articulo enciclopédico y no precede en este tipo de paginas, ni da una visión histórica de La Conquista de América. No hay referencias historiograficas ni de ningun historiador...NIN",False,False,Usuario_Registrado,,"ψ




== ¿Que tipo de articulo es este? ==

No es un articulo enciclopédico y no precede en este tipo de paginas, ni da una visión histórica de La Conquista de América. No hay referencias historiograficas ni de ningun historiador...NIN"
2012-01-03T12:08:13Z,79.144.150.60,,31683,"ψ{{PR|Historia militar}}

{{Caja archivos|[[/Archivo 1|Archivo 1]]}}


== ¿Que tipo de articulo es este? ==

No es un articulo enciclopédico y no precede en este tipo de paginas, ni da una visión histórica de La Conquista de América. No hay referencias historiograficas ni de ningun historiador...NIN",False,True,IP_Anonima,,"ψ




== ¿Que tipo de articulo es este? ==

No es un articulo enciclopédico y no precede en este tipo de paginas, ni da una visión histórica de La Conquista de América. No hay referencias historiograficas ni de ningun historiador...NIN"
2012-01-01T18:41:40Z,Vitamine,Revertidos los cambios de [[Special:Contributions/79.144.150.60|79.144.150.60]] ([[User talk:79.144.150.60|disc.]]) a la última edición de Jaontiveros,28451,"ψ{{PR|Historia militar}}

{{Caja archivos|[[/Archivo 1|Archivo 1]]}}


== ¿Que tipo de articulo es este? ==

No es un articulo enciclopédico y no precede en este tipo de paginas, ni da una visión histórica de La Conquista de América. No hay referencias historiograficas ni de ningun historiador...NIN",False,False,Usuario_Registrado,Revertidos los cambios de 79.144.150.60 (disc.) a la última edición de Jaontiveros,"ψ




== ¿Que tipo de articulo es este? ==

No es un articulo enciclopédico y no precede en este tipo de paginas, ni da una visión histórica de La Conquista de América. No hay referencias historiograficas ni de ningun historiador...NIN"
2012-01-01T17:00:25Z,79.144.150.60,,30678,"ψ{{PR|Historia militar}}

{{Caja archivos|[[/Archivo 1|Archivo 1]]}}


== ¿Que tipo de articulo es este? ==

No es un articulo enciclopédico y no precede en este tipo de paginas, ni da una visión histórica de La Conquista de América. No hay referencias historiograficas ni de ningun historiador...NIN",False,True,IP_Anonima,,"ψ




== ¿Que tipo de articulo es este? ==

No es un articulo enciclopédico y no precede en este tipo de paginas, ni da una visión histórica de La Conquista de América. No hay referencias historiograficas ni de ningun historiador...NIN"
2012-01-01T16:32:10Z,79.144.150.60,,30058,"ψ{{PR|Historia militar}}

{{Caja archivos|[[/Archivo 1|Archivo 1]]}}


== ¿Que tipo de articulo es este? ==

No es un articulo enciclopédico y no precede en este tipo de paginas, ni da una visión histórica de La Conquista de América. No hay referencias historiograficas ni de ningun historiador...NIN",False,True,IP_Anonima,,"ψ




== ¿Que tipo de articulo es este? ==

No es un articulo enciclopédico y no precede en este tipo de paginas, ni da una visión histórica de La Conquista de América. No hay referencias historiograficas ni de ningun historiador...NIN"
2012-01-01T16:28:04Z,79.144.150.60,,30057,"ψ{{PR|Historia militar}}

{{Caja archivos|[[/Archivo 1|Archivo 1]]}}


== ¿Que tipo de articulo es este? ==

No es un articulo enciclopédico y no precede en este tipo de paginas, ni da una visión histórica de La Conquista de América. No hay referencias historiograficas ni de ningun historiador...NIN",False,True,IP_Anonima,,"ψ




== ¿Que tipo de articulo es este? ==

No es un articulo enciclopédico y no precede en este tipo de paginas, ni da una visión histórica de La Conquista de América. No hay referencias historiograficas ni de ningun historiador...NIN"
2012-01-01T15:56:00Z,79.144.150.60,,28496,"ψ{{PR|Historia militar}}

{{Caja archivos|[[/Archivo 1|Archivo 1]]}}


== ¿Que tipo de articulo es este? ==

No es un articulo enciclopédico y no precede en este tipo de paginas, ni da una visión histórica de La Conquista de América. No hay referencias historiograficas ni de ningun historiador...NIN",False,True,IP_Anonima,,"ψ




== ¿Que tipo de articulo es este? ==

No es un articulo enciclopédico y no precede en este tipo de paginas, ni da una visión histórica de La Conquista de América. No hay referencias historiograficas ni de ningun historiador...NIN"
2012-01-01T15:52:54Z,79.144.150.60,,28490,"ψ{{PR|Historia militar}}

{{Caja archivos|[[/Archivo 1|Archivo 1]]}}


== ¿Que tipo de articulo es este? ==

No es un articulo enciclopédico y no precede en este tipo de paginas, ni da una visión histórica de La Conquista de América. No hay referencias historiograficas ni de ningun historiador...NIN",False,True,IP_Anonima,,"ψ




== ¿Que tipo de articulo es este? ==

No es un articulo enciclopédico y no precede en este tipo de paginas, ni da una visión histórica de La Conquista de América. No hay referencias historiograficas ni de ningun historiador...NIN"
2012-01-01T15:45:35Z,79.144.150.60,,28490,"ψ{{PR|Historia militar}}

{{Caja archivos|[[/Archivo 1|Archivo 1]]}}


== ¿Que tipo de articulo es este? ==

No es un articulo enciclopédico y no precede en este tipo de paginas, ni da una visión histórica de La Conquista de América. No hay referencias historiograficas ni de ningun historiador...NIN",False,True,IP_Anonima,,"ψ




== ¿Que tipo de articulo es este? ==

No es un articulo enciclopédico y no precede en este tipo de paginas, ni da una visión histórica de La Conquista de América. No hay referencias historiograficas ni de ningun historiador...NIN"
2012-01-01T15:44:42Z,79.144.150.60,,28489,"ψ{{PR|Historia militar}}

{{Caja archivos|[[/Archivo 1|Archivo 1]]}}


== ¿Que tipo de articulo es este? ==

No es un articulo enciclopédico y no precede en este tipo de paginas, ni da una visión histórica de La Conquista de América. No hay referencias historiograficas ni de ningun historiador...NIN",False,True,IP_Anonima,,"ψ




== ¿Que tipo de articulo es este? ==

No es un articulo enciclopédico y no precede en este tipo de paginas, ni da una visión histórica de La Conquista de América. No hay referencias historiograficas ni de ningun historiador...NIN"
2012-01-01T15:42:57Z,79.144.150.60,,28495,"ψ{{PR|Historia militar}}

{{Caja archivos|[[/Archivo 1|Archivo 1]]}}


== ¿Que tipo de articulo es este? ==

No es un articulo enciclopédico y no precede en este tipo de paginas, ni da una visión histórica de La Conquista de América. No hay referencias historiograficas ni de ningun historiador...NIN",False,True,IP_Anonima,,"ψ




== ¿Que tipo de articulo es este? ==

No es un articulo enciclopédico y no precede en este tipo de paginas, ni da una visión histórica de La Conquista de América. No hay referencias historiograficas ni de ningun historiador...NIN"
2012-01-01T15:41:32Z,79.144.150.60,,28483,"ψ{{PR|Historia militar}}

{{Caja archivos|[[/Archivo 1|Archivo 1]]}}


== ¿Que tipo de articulo es este? ==

No es un articulo enciclopédico y no precede en este tipo de paginas, ni da una visión histórica de La Conquista de América. No hay referencias historiograficas ni de ningun historiador...NIN",False,True,IP_Anonima,,"ψ




== ¿Que tipo de articulo es este? ==

No es un articulo enciclopédico y no precede en este tipo de paginas, ni da una visión histórica de La Conquista de América. No hay referencias historiograficas ni de ningun historiador...NIN"
2012-01-01T15:39:38Z,79.144.150.60,,28483,"ψ{{PR|Historia militar}}

{{Caja archivos|[[/Archivo 1|Archivo 1]]}}


== ¿Que tipo de articulo es este? ==

No es un articulo enciclopédico y no precede en este tipo de paginas, ni da una visión histórica de La Conquista de América. No hay referencias historiograficas ni de ningun historiador...NIN",False,True,IP_Anonima,,"ψ




== ¿Que tipo de articulo es este? ==

No es un articulo enciclopédico y no precede en este tipo de paginas, ni da una visión histórica de La Conquista de América. No hay referencias historiograficas ni de ningun historiador...NIN"
2012-01-01T15:37:18Z,79.144.150.60,,28452,"ψ{{PR|Historia militar}}

{{Caja archivos|[[/Archivo 1|Archivo 1]]}}


== ¿Que tipo de articulo es este? ==

No es un articulo enciclopédico y no precede en este tipo de paginas, ni da una visión histórica de La Conquista de América. No hay referencias historiograficas ni de ningun historiador...NIN",False,True,IP_Anonima,,"ψ




== ¿Que tipo de articulo es este? ==

No es un articulo enciclopédico y no precede en este tipo de paginas, ni da una visión histórica de La Conquista de América. No hay referencias historiograficas ni de ningun historiador...NIN"
2012-01-01T15:34:37Z,Jaontiveros,/* La parcialidad de este artículo es patente y lamentable. */ respuesta,28451,"ψ{{PR|Historia militar}}

{{Caja archivos|[[/Archivo 1|Archivo 1]]}}


== ¿Que tipo de articulo es este? ==

No es un articulo enciclopédico y no precede en este tipo de paginas, ni da una visión histórica de La Conquista de América. No hay referencias historiograficas ni de ningun historiador...NIN",False,False,Usuario_Registrado,respuesta,"ψ




== ¿Que tipo de articulo es este? ==

No es un articulo enciclopédico y no precede en este tipo de paginas, ni da una visión histórica de La Conquista de América. No hay referencias historiograficas ni de ningun historiador...NIN"
2012-01-01T15:21:55Z,79.144.150.60,,26817,"ψ{{PR|Historia militar}}

{{Caja archivos|[[/Archivo 1|Archivo 1]]}}


== ¿Que tipo de articulo es este? ==

No es un articulo enciclopédico y no precede en este tipo de paginas, ni da una visión histórica de La Conquista de América. No hay referencias historiograficas ni de ningun historiador...NIN",False,True,IP_Anonima,,"ψ




== ¿Que tipo de articulo es este? ==

No es un articulo enciclopédico y no precede en este tipo de paginas, ni da una visión histórica de La Conquista de América. No hay referencias historiograficas ni de ningun historiador...NIN"
2012-01-01T15:19:24Z,79.144.150.60,,26815,"ψ{{PR|Historia militar}}

{{Caja archivos|[[/Archivo 1|Archivo 1]]}}


== ¿Que tipo de articulo es este? ==

No es un articulo enciclopédico y no precede en este tipo de paginas, ni da una visión histórica de La Conquista de América. No hay referencias historiograficas ni de ningun historiador...NIN",False,True,IP_Anonima,,"ψ




== ¿Que tipo de articulo es este? ==

No es un articulo enciclopédico y no precede en este tipo de paginas, ni da una visión histórica de La Conquista de América. No hay referencias historiograficas ni de ningun historiador...NIN"
2012-01-01T15:12:22Z,AldanaN,/* La parcialidad de este artículo es patente y lamentable. */,26579,"ψ{{PR|Historia militar}}

{{Caja archivos|[[/Archivo 1|Archivo 1]]}}


== ¿Que tipo de articulo es este? ==

No es un articulo enciclopédico y no precede en este tipo de paginas, ni da una visión histórica de La Conquista de América. No hay referencias historiograficas ni de ningun historiador...NIN",False,False,Usuario_Registrado,,"ψ




== ¿Que tipo de articulo es este? ==

No es un articulo enciclopédico y no precede en este tipo de paginas, ni da una visión histórica de La Conquista de América. No hay referencias historiograficas ni de ningun historiador...NIN"
2012-01-01T15:10:41Z,79.144.150.60,,25890,"ψ{{PR|Historia militar}}

{{Caja archivos|[[/Archivo 1|Archivo 1]]}}


== ¿Que tipo de articulo es este? ==

No es un articulo enciclopédico y no precede en este tipo de paginas, ni da una visión histórica de La Conquista de América. No hay referencias historiograficas ni de ningun historiador...NIN",False,True,IP_Anonima,,"ψ




== ¿Que tipo de articulo es este? ==

No es un articulo enciclopédico y no precede en este tipo de paginas, ni da una visión histórica de La Conquista de América. No hay referencias historiograficas ni de ningun historiador...NIN"
2012-01-01T15:08:19Z,79.144.150.60,,25852,"ψ{{PR|Historia militar}}

{{Caja archivos|[[/Archivo 1|Archivo 1]]}}


== ¿Que tipo de articulo es este? ==

No es un articulo enciclopédico y no precede en este tipo de paginas, ni da una visión histórica de La Conquista de América. No hay referencias historiograficas ni de ningun historiador...NIN",False,True,IP_Anonima,,"ψ




== ¿Que tipo de articulo es este? ==

No es un articulo enciclopédico y no precede en este tipo de paginas, ni da una visión histórica de La Conquista de América. No hay referencias historiograficas ni de ningun historiador...NIN"
2012-01-01T14:46:32Z,Yavidaxiu,/* La parcialidad de este artículo es patente y lamentable. */,25173,"ψ{{PR|Historia militar}}

{{Caja archivos|[[/Archivo 1|Archivo 1]]}}


== ¿Que tipo de articulo es este? ==

No es un articulo enciclopédico y no precede en este tipo de paginas, ni da una visión histórica de La Conquista de América. No hay referencias historiograficas ni de ningun historiador...NIN",False,False,Usuario_Registrado,,"ψ




== ¿Que tipo de articulo es este? ==

No es un articulo enciclopédico y no precede en este tipo de paginas, ni da una visión histórica de La Conquista de América. No hay referencias historiograficas ni de ningun historiador...NIN"
2012-01-01T14:23:51Z,Soulreaper,/* La parcialidad de este artículo es patente y lamentable. */,22169,"ψ{{PR|Historia militar}}

{{Caja archivos|[[/Archivo 1|Archivo 1]]}}


== ¿Que tipo de articulo es este? ==

No es un articulo enciclopédico y no precede en este tipo de paginas, ni da una visión histórica de La Conquista de América. No hay referencias historiograficas ni de ningun historiador...NIN",False,False,Usuario_Registrado,,"ψ




== ¿Que tipo de articulo es este? ==

No es un articulo enciclopédico y no precede en este tipo de paginas, ni da una visión histórica de La Conquista de América. No hay referencias historiograficas ni de ningun historiador...NIN"
2012-01-01T11:50:52Z,79.144.150.60,,22030,"ψ{{PR|Historia militar}}

{{Caja archivos|[[/Archivo 1|Archivo 1]]}}


== ¿Que tipo de articulo es este? ==

No es un articulo enciclopédico y no precede en este tipo de paginas, ni da una visión histórica de La Conquista de América. No hay referencias historiograficas ni de ningun historiador...NIN",False,True,IP_Anonima,,"ψ




== ¿Que tipo de articulo es este? ==

No es un articulo enciclopédico y no precede en este tipo de paginas, ni da una visión histórica de La Conquista de América. No hay referencias historiograficas ni de ningun historiador...NIN"
2012-01-01T02:15:42Z,Jaontiveros,/* La parcialidad de este artículo es patente y lamentable. */ ++,15719,"ψ{{PR|Historia militar}}

{{Caja archivos|[[/Archivo 1|Archivo 1]]}}


== ¿Que tipo de articulo es este? ==

No es un articulo enciclopédico y no precede en este tipo de paginas, ni da una visión histórica de La Conquista de América. No hay referencias historiograficas ni de ningun historiador...NIN",False,False,Usuario_Registrado,++,"ψ




== ¿Que tipo de articulo es este? ==

No es un articulo enciclopédico y no precede en este tipo de paginas, ni da una visión histórica de La Conquista de América. No hay referencias historiograficas ni de ningun historiador...NIN"
2012-01-01T02:12:53Z,Jaontiveros,/* La parcialidad de este artículo es patente y lamentable. */ ++,15690,"ψ{{PR|Historia militar}}

{{Caja archivos|[[/Archivo 1|Archivo 1]]}}


== ¿Que tipo de articulo es este? ==

No es un articulo enciclopédico y no precede en este tipo de paginas, ni da una visión histórica de La Conquista de América. No hay referencias historiograficas ni de ningun historiador...NIN",False,False,Usuario_Registrado,++,"ψ




== ¿Que tipo de articulo es este? ==

No es un articulo enciclopédico y no precede en este tipo de paginas, ni da una visión histórica de La Conquista de América. No hay referencias historiograficas ni de ningun historiador...NIN"
2012-01-01T02:04:47Z,Jaontiveros,/* La parcialidad de este artículo es patente y lamentable. */ respuesta,14868,"ψ{{PR|Historia militar}}

{{Caja archivos|[[/Archivo 1|Archivo 1]]}}


== ¿Que tipo de articulo es este? ==

No es un articulo enciclopédico y no precede en este tipo de paginas, ni da una visión histórica de La Conquista de América. No hay referencias historiograficas ni de ningun historiador...NIN",False,False,Usuario_Registrado,respuesta,"ψ




== ¿Que tipo de articulo es este? ==

No es un articulo enciclopédico y no precede en este tipo de paginas, ni da una visión histórica de La Conquista de América. No hay referencias historiograficas ni de ningun historiador...NIN"
2011-12-31T21:17:29Z,Soulreaper,borro comentarios ofensivos y no relacionados con el artículo,12784,"ψ{{PR|Historia militar}}

{{Caja archivos|[[/Archivo 1|Archivo 1]]}}


== ¿Que tipo de articulo es este? ==

No es un articulo enciclopédico y no precede en este tipo de paginas, ni da una visión histórica de La Conquista de América. No hay referencias historiograficas ni de ningun historiador...NIN",False,False,Usuario_Registrado,borro comentarios ofensivos y no relacionados con el artículo,"ψ




== ¿Que tipo de articulo es este? ==

No es un articulo enciclopédico y no precede en este tipo de paginas, ni da una visión histórica de La Conquista de América. No hay referencias historiograficas ni de ningun historiador...NIN"
2011-12-31T21:16:34Z,79.144.150.60,,14343,"ψ{{PR|Historia militar}}

{{Caja archivos|[[/Archivo 1|Archivo 1]]}}


== ¿Que tipo de articulo es este? ==

No es un articulo enciclopédico y no precede en este tipo de paginas, ni da una visión histórica de La Conquista de América. No hay referencias historiograficas ni de ningun historiador...NIN",False,True,IP_Anonima,,"ψ




== ¿Que tipo de articulo es este? ==

No es un articulo enciclopédico y no precede en este tipo de paginas, ni da una visión histórica de La Conquista de América. No hay referencias historiograficas ni de ningun historiador...NIN"
2011-12-31T21:13:59Z,79.144.150.60,,14336,"ψ{{PR|Historia militar}}

{{Caja archivos|[[/Archivo 1|Archivo 1]]}}


== ¿Que tipo de articulo es este? ==

No es un articulo enciclopédico y no precede en este tipo de paginas, ni da una visión histórica de La Conquista de América. No hay referencias historiograficas ni de ningun historiador...NIN",False,True,IP_Anonima,,"ψ




== ¿Que tipo de articulo es este? ==

No es un articulo enciclopédico y no precede en este tipo de paginas, ni da una visión histórica de La Conquista de América. No hay referencias historiograficas ni de ningun historiador...NIN"
2011-12-31T16:08:15Z,Jaluj,Nueva sección: /* Video  */,13020,"ψ{{PR|Historia militar}}

{{Caja archivos|[[/Archivo 1|Archivo 1]]}}


== ¿Que tipo de articulo es este? ==

No es un articulo enciclopédico y no precede en este tipo de paginas, ni da una visión histórica de La Conquista de América. No hay referencias historiograficas ni de ningun historiador...NIN",False,False,Usuario_Registrado,Nueva sección:,"ψ




== ¿Que tipo de articulo es este? ==

No es un articulo enciclopédico y no precede en este tipo de paginas, ni da una visión histórica de La Conquista de América. No hay referencias historiograficas ni de ningun historiador...NIN"
2011-12-27T16:01:28Z,Yodigo,,12784,"ψ{{PR|Historia militar}}

{{Caja archivos|[[/Archivo 1|Archivo 1]]}}


== ¿Que tipo de articulo es este? ==

No es un articulo enciclopédico y no precede en este tipo de paginas, ni da una visión histórica de La Conquista de América. No hay referencias historiograficas ni de ningun historiador...NIN",False,False,Usuario_Registrado,,"ψ




== ¿Que tipo de articulo es este? ==

No es un articulo enciclopédico y no precede en este tipo de paginas, ni da una visión histórica de La Conquista de América. No hay referencias historiograficas ni de ningun historiador...NIN"
2011-12-27T11:59:59Z,79.144.150.60,,12647,"ψ{{PR|Historia militar}}

{{Caja archivos|[[/Archivo 1|Archivo 1]]}}


== ¿Que tipo de articulo es este? ==

No es un articulo enciclopédico y no precede en este tipo de paginas, ni da una visión histórica de La Conquista de América. No hay referencias historiograficas ni de ningun historiador...NIN",False,True,IP_Anonima,,"ψ




== ¿Que tipo de articulo es este? ==

No es un articulo enciclopédico y no precede en este tipo de paginas, ni da una visión histórica de La Conquista de América. No hay referencias historiograficas ni de ningun historiador...NIN"
2011-12-27T09:00:04Z,79.144.150.60,,12641,"ψ{{PR|Historia militar}}

{{Caja archivos|[[/Archivo 1|Archivo 1]]}}


== ¿Que tipo de articulo es este? ==

No es un articulo enciclopédico y no precede en este tipo de paginas, ni da una visión histórica de La Conquista de América. No hay referencias historiograficas ni de ningun historiador...NIN",False,True,IP_Anonima,,"ψ




== ¿Que tipo de articulo es este? ==

No es un articulo enciclopédico y no precede en este tipo de paginas, ni da una visión histórica de La Conquista de América. No hay referencias historiograficas ni de ningun historiador...NIN"
2011-12-10T12:00:02Z,83.35.234.242,,12610,"ψ{{PR|Historia militar}}

{{Caja archivos|[[/Archivo 1|Archivo 1]]}}


== ¿Que tipo de articulo es este? ==

No es un articulo enciclopédico y no precede en este tipo de paginas, ni da una visión histórica de La Conquista de América. No hay referencias historiograficas ni de ningun historiador...NIN",False,True,IP_Anonima,,"ψ




== ¿Que tipo de articulo es este? ==

No es un articulo enciclopédico y no precede en este tipo de paginas, ni da una visión histórica de La Conquista de América. No hay referencias historiograficas ni de ningun historiador...NIN"
2011-12-10T11:55:27Z,83.35.234.242,,12604,"ψ{{PR|Historia militar}}

{{Caja archivos|[[/Archivo 1|Archivo 1]]}}


== ¿Que tipo de articulo es este? ==

No es un articulo enciclopédico y no precede en este tipo de paginas, ni da una visión histórica de La Conquista de América. No hay referencias historiograficas ni de ningun historiador...NIN",False,True,IP_Anonima,,"ψ




== ¿Que tipo de articulo es este? ==

No es un articulo enciclopédico y no precede en este tipo de paginas, ni da una visión histórica de La Conquista de América. No hay referencias historiograficas ni de ningun historiador...NIN"
2011-12-10T11:54:17Z,83.35.234.242,,12603,"ψ{{PR|Historia militar}}

{{Caja archivos|[[/Archivo 1|Archivo 1]]}}


== ¿Que tipo de articulo es este? ==

No es un articulo enciclopédico y no precede en este tipo de paginas, ni da una visión histórica de La Conquista de América. No hay referencias historiograficas ni de ningun historiador...NIN",False,True,IP_Anonima,,"ψ




== ¿Que tipo de articulo es este? ==

No es un articulo enciclopédico y no precede en este tipo de paginas, ni da una visión histórica de La Conquista de América. No hay referencias historiograficas ni de ningun historiador...NIN"
2011-12-10T11:23:43Z,83.35.234.242,,11011,"ψ{{PR|Historia militar}}

{{Caja archivos|[[/Archivo 1|Archivo 1]]}}


== ¿Que tipo de articulo es este? ==

No es un articulo enciclopédico y no precede en este tipo de paginas, ni da una visión histórica de La Conquista de América. No hay referencias historiograficas ni de ningun historiador...NIN",False,True,IP_Anonima,,"ψ




== ¿Que tipo de articulo es este? ==

No es un articulo enciclopédico y no precede en este tipo de paginas, ni da una visión histórica de La Conquista de América. No hay referencias historiograficas ni de ningun historiador...NIN"
2011-10-31T19:18:39Z,80.39.179.26,,10799,"ψ{{PR|Historia militar}}

{{Caja archivos|[[/Archivo 1|Archivo 1]]}}


== ¿Que tipo de articulo es este? ==

No es un articulo enciclopédico y no precede en este tipo de paginas, ni da una visión histórica de La Conquista de América. No hay referencias historiograficas ni de ningun historiador...NIN",False,True,IP_Anonima,,"ψ




== ¿Que tipo de articulo es este? ==

No es un articulo enciclopédico y no precede en este tipo de paginas, ni da una visión histórica de La Conquista de América. No hay referencias historiograficas ni de ningun historiador...NIN"
2011-10-14T12:08:19Z,Jaluj,/* La parcialidad de este artículo es patente y lamentable. */,10113,"ψ{{PR|Historia militar}}

{{Caja archivos|[[/Archivo 1|Archivo 1]]}}


== ¿Que tipo de articulo es este? ==

No es un articulo enciclopédico y no precede en este tipo de paginas, ni da una visión histórica de La Conquista de América. No hay referencias historiograficas ni de ningun historiador...NIN",False,False,Usuario_Registrado,,"ψ




== ¿Que tipo de articulo es este? ==

No es un articulo enciclopédico y no precede en este tipo de paginas, ni da una visión histórica de La Conquista de América. No hay referencias historiograficas ni de ningun historiador...NIN"
2011-10-14T12:07:53Z,Jaluj,/* La parcialidad de este artículo es patente y lamentable. */,10206,"ψ{{PR|Historia militar}}

{{Caja archivos|[[/Archivo 1|Archivo 1]]}}


== ¿Que tipo de articulo es este? ==

No es un articulo enciclopédico y no precede en este tipo de paginas, ni da una visión histórica de La Conquista de América. No hay referencias historiograficas ni de ningun historiador...NIN",False,False,Usuario_Registrado,,"ψ




== ¿Que tipo de articulo es este? ==

No es un articulo enciclopédico y no precede en este tipo de paginas, ni da una visión histórica de La Conquista de América. No hay referencias historiograficas ni de ningun historiador...NIN"
2011-10-14T01:26:52Z,AldanaN,/* La parcialidad de este artículo es patente y lamentable. */,8505,"ψ{{PR|Historia militar}}

{{Caja archivos|[[/Archivo 1|Archivo 1]]}}


== ¿Que tipo de articulo es este? ==

No es un articulo enciclopédico y no precede en este tipo de paginas, ni da una visión histórica de La Conquista de América. No hay referencias historiograficas ni de ningun historiador...NIN",False,False,Usuario_Registrado,,"ψ




== ¿Que tipo de articulo es este? ==

No es un articulo enciclopédico y no precede en este tipo de paginas, ni da una visión histórica de La Conquista de América. No hay referencias historiograficas ni de ningun historiador...NIN"
2011-10-14T01:15:54Z,Jaluj,/* La parcialidad de este artículo es patente y lamentable. */,8023,"ψ{{PR|Historia militar}}

{{Caja archivos|[[/Archivo 1|Archivo 1]]}}


== ¿Que tipo de articulo es este? ==

No es un articulo enciclopédico y no precede en este tipo de paginas, ni da una visión histórica de La Conquista de América. No hay referencias historiograficas ni de ningun historiador...NIN",False,False,Usuario_Registrado,,"ψ




== ¿Que tipo de articulo es este? ==

No es un articulo enciclopédico y no precede en este tipo de paginas, ni da una visión histórica de La Conquista de América. No hay referencias historiograficas ni de ningun historiador...NIN"
2011-09-10T14:04:54Z,Petronas,"rv ensayos y teorías varias, copiadas de http://www.agustinianopalmira.edu.co/Portals/0/Guias%20Curriculares/1_Tercero/7/Gu%C3%ADa%20Curricular%20No.%201%20Ciencias%20Sociales%207%C2%BA%20III%20Periodo%20-%20John%20Jairo%20OSorio.pdf y otros foros",7835,"ψ{{PR|Historia militar}}

{{Caja archivos|[[/Archivo 1|Archivo 1]]}}


== ¿Que tipo de articulo es este? ==

No es un articulo enciclopédico y no precede en este tipo de paginas, ni da una visión histórica de La Conquista de América. No hay referencias historiograficas ni de ningun historiador...NIN",False,False,Usuario_Registrado,"rv ensayos y teorías varias, copiadas de  y otros foros","ψ




== ¿Que tipo de articulo es este? ==

No es un articulo enciclopédico y no precede en este tipo de paginas, ni da una visión histórica de La Conquista de América. No hay referencias historiograficas ni de ningun historiador...NIN"
2011-09-10T14:00:03Z,79.150.61.108,,22903,"ψ{{PR|Historia militar}}

{{Caja archivos|[[/Archivo 1|Archivo 1]]}}


== ¿Que tipo de articulo es este? ==

No es un articulo enciclopédico y no precede en este tipo de paginas, ni da una visión histórica de La Conquista de América. No hay referencias historiograficas ni de ningun historiador...NIN",False,True,IP_Anonima,,"ψ




== ¿Que tipo de articulo es este? ==

No es un articulo enciclopédico y no precede en este tipo de paginas, ni da una visión histórica de La Conquista de América. No hay referencias historiograficas ni de ningun historiador...NIN"
2011-09-10T11:33:00Z,190.225.150.86,/* La parcialidad de este artículo es patente y lamentable. */,7835,"ψ{{PR|Historia militar}}

{{Caja archivos|[[/Archivo 1|Archivo 1]]}}


== ¿Que tipo de articulo es este? ==

No es un articulo enciclopédico y no precede en este tipo de paginas, ni da una visión histórica de La Conquista de América. No hay referencias historiograficas ni de ningun historiador...NIN",False,True,IP_Anonima,,"ψ




== ¿Que tipo de articulo es este? ==

No es un articulo enciclopédico y no precede en este tipo de paginas, ni da una visión histórica de La Conquista de América. No hay referencias historiograficas ni de ningun historiador...NIN"
2011-09-10T11:21:37Z,Petronas,/* La parcialidad de este artículo es patente y lamentable. */  no foro,7685,"ψ{{PR|Historia militar}}

{{Caja archivos|[[/Archivo 1|Archivo 1]]}}


== ¿Que tipo de articulo es este? ==

No es un articulo enciclopédico y no precede en este tipo de paginas, ni da una visión histórica de La Conquista de América. No hay referencias historiograficas ni de ningun historiador...NIN",False,False,Usuario_Registrado,no foro,"ψ




== ¿Que tipo de articulo es este? ==

No es un articulo enciclopédico y no precede en este tipo de paginas, ni da una visión histórica de La Conquista de América. No hay referencias historiograficas ni de ningun historiador...NIN"
2011-09-10T11:18:10Z,79.150.61.108,,8529,"ψ{{PR|Historia militar}}

{{Caja archivos|[[/Archivo 1|Archivo 1]]}}


== ¿Que tipo de articulo es este? ==

No es un articulo enciclopédico y no precede en este tipo de paginas, ni da una visión histórica de La Conquista de América. No hay referencias historiograficas ni de ningun historiador...NIN",False,True,IP_Anonima,,"ψ




== ¿Que tipo de articulo es este? ==

No es un articulo enciclopédico y no precede en este tipo de paginas, ni da una visión histórica de La Conquista de América. No hay referencias historiograficas ni de ningun historiador...NIN"
2011-08-10T13:19:44Z,FariBOT,Robot: Cambiada la plantilla: PR/pruebas,7799,"ψ{{PR|Historia militar}}

{{Caja archivos|[[/Archivo 1|Archivo 1]]}}


== ¿Que tipo de articulo es este? ==

No es un articulo enciclopédico y no precede en este tipo de paginas, ni da una visión histórica de La Conquista de América. No hay referencias historiograficas ni de ningun historiador...NIN",True,False,Bot,Robot: Cambiada la plantilla: PR/pruebas,"ψ




== ¿Que tipo de articulo es este? ==

No es un articulo enciclopédico y no precede en este tipo de paginas, ni da una visión histórica de La Conquista de América. No hay referencias historiograficas ni de ningun historiador...NIN"
2011-07-30T09:51:38Z,FariBOT,Bot: cambiando plantilla para [[Wikipedia:Plantillas de wikiproyectos|posterior traspaso definitivo]],7807,"ψ{{PR/pruebas|Historia militar}}

{{Caja archivos|[[/Archivo 1|Archivo 1]]}}


== ¿Que tipo de articulo es este? ==

No es un articulo enciclopédico y no precede en este tipo de paginas, ni da una visión histórica de La Conquista de América. No hay referencias historiograficas ni de ningun historiad",True,False,Bot,Bot: cambiando plantilla para posterior traspaso definitivo,"ψ




== ¿Que tipo de articulo es este? ==

No es un articulo enciclopédico y no precede en este tipo de paginas, ni da una visión histórica de La Conquista de América. No hay referencias historiograficas ni de ningun historiad"
2011-05-27T07:50:36Z,80.29.21.49,/* La parcialidad de este artículo es patente y lamentable. */,7799,"ψ{{WP Historia militar}}

{{Caja archivos|[[/Archivo 1|Archivo 1]]}}


== ¿Que tipo de articulo es este? ==

No es un articulo enciclopédico y no precede en este tipo de paginas, ni da una visión histórica de La Conquista de América. No hay referencias historiograficas ni de ningun historiador...NIN",False,True,IP_Anonima,,"ψ




== ¿Que tipo de articulo es este? ==

No es un articulo enciclopédico y no precede en este tipo de paginas, ni da una visión histórica de La Conquista de América. No hay referencias historiograficas ni de ningun historiador...NIN"
2011-02-13T01:40:21Z,Yodigo,restablezco parcialmente texto que no debí haber borrado (lo hice por error),7685,"ψ{{WP Historia militar}}

{{Caja archivos|[[/Archivo 1|Archivo 1]]}}


== ¿Que tipo de articulo es este? ==

No es un articulo enciclopédico y no precede en este tipo de paginas, ni da una visión histórica de La Conquista de América. No hay referencias historiograficas ni de ningun historiador...NIN",False,False,Usuario_Registrado,restablezco parcialmente texto que no debí haber borrado (lo hice por error),"ψ




== ¿Que tipo de articulo es este? ==

No es un articulo enciclopédico y no precede en este tipo de paginas, ni da una visión histórica de La Conquista de América. No hay referencias historiograficas ni de ningun historiador...NIN"
2011-02-13T01:34:18Z,Yodigo,/* La parcialidad de este artículo es patente y lamentable. */ Violación a la política WP:E de parte de Usuario:Javip68,6532,"ψ{{WP Historia militar}}

{{Caja archivos|[[/Archivo 1|Archivo 1]]}}


== ¿Que tipo de articulo es este? ==

No es un articulo enciclopédico y no precede en este tipo de paginas, ni da una visión histórica de La Conquista de América. No hay referencias historiograficas ni de ningun historiador...NIN",False,False,Usuario_Registrado,Violación a la política WP:E de parte de Usuario:Javip68,"ψ




== ¿Que tipo de articulo es este? ==

No es un articulo enciclopédico y no precede en este tipo de paginas, ni da una visión histórica de La Conquista de América. No hay referencias historiograficas ni de ningun historiador...NIN"
2011-02-12T21:55:12Z,Javip68,/* La parcialidad de este artículo es patente y lamentable. */,8303,"ψ{{WP Historia militar}}

{{Caja archivos|[[/Archivo 1|Archivo 1]]}}


== ¿Que tipo de articulo es este? ==

No es un articulo enciclopédico y no precede en este tipo de paginas, ni da una visión histórica de La Conquista de América. No hay referencias historiograficas ni de ningun historiador...NIN",False,False,Usuario_Registrado,,"ψ




== ¿Que tipo de articulo es este? ==

No es un articulo enciclopédico y no precede en este tipo de paginas, ni da una visión histórica de La Conquista de América. No hay referencias historiograficas ni de ningun historiador...NIN"
2011-02-10T18:32:12Z,Yodigo,/* La parcialidad de este artículo es patente y lamentable. */,7683,"ψ{{WP Historia militar}}

{{Caja archivos|[[/Archivo 1|Archivo 1]]}}


== ¿Que tipo de articulo es este? ==

No es un articulo enciclopédico y no precede en este tipo de paginas, ni da una visión histórica de La Conquista de América. No hay referencias historiograficas ni de ningun historiador...NIN",False,False,Usuario_Registrado,,"ψ




== ¿Que tipo de articulo es este? ==

No es un articulo enciclopédico y no precede en este tipo de paginas, ni da una visión histórica de La Conquista de América. No hay referencias historiograficas ni de ningun historiador...NIN"
2011-02-10T18:14:20Z,Yodigo,,7315,"ψ{{WP Historia militar}}

{{Caja archivos|[[/Archivo 1|Archivo 1]]}}


== ¿Que tipo de articulo es este? ==

No es un articulo enciclopédico y no precede en este tipo de paginas, ni da una visión histórica de La Conquista de América. No hay referencias historiograficas ni de ningun historiador...NIN",False,False,Usuario_Registrado,,"ψ




== ¿Que tipo de articulo es este? ==

No es un articulo enciclopédico y no precede en este tipo de paginas, ni da una visión histórica de La Conquista de América. No hay referencias historiograficas ni de ningun historiador...NIN"
2011-02-10T10:53:20Z,Javip68,Nueva sección: /* La parcialidad de este artículo es patente y lamentable. */,7207,"ψ{{WP Historia militar}}

{{Caja archivos|[[/Archivo 1|Archivo 1]]}}


== ¿Que tipo de articulo es este? ==

No es un articulo enciclopédico y no precede en este tipo de paginas, ni da una visión histórica de La Conquista de América. No hay referencias historiograficas ni de ningun historiador...NIN",False,False,Usuario_Registrado,Nueva sección:,"ψ




== ¿Que tipo de articulo es este? ==

No es un articulo enciclopédico y no precede en este tipo de paginas, ni da una visión histórica de La Conquista de América. No hay referencias historiograficas ni de ningun historiador...NIN"
2011-01-28T17:56:41Z,88.26.144.57,,6532,"ψ{{WP Historia militar}}

{{Caja archivos|[[/Archivo 1|Archivo 1]]}}


== ¿Que tipo de articulo es este? ==

No es un articulo enciclopédico y no precede en este tipo de paginas, ni da una visión histórica de La Conquista de América. No hay referencias historiograficas ni de ningun historiador...NIN",False,True,IP_Anonima,,"ψ




== ¿Que tipo de articulo es este? ==

No es un articulo enciclopédico y no precede en este tipo de paginas, ni da una visión histórica de La Conquista de América. No hay referencias historiograficas ni de ningun historiador...NIN"
2010-12-23T23:33:52Z,190.176.239.253,/* ¿Genocidio? */,6883,"ψ{{WP Historia militar}}

{{Caja archivos|[[/Archivo 1|Archivo 1]]}}


== ¿Que tipo de articulo es este? ==

No es un articulo enciclopédico y no precede en este tipo de paginas, ni da una visión histórica de La Conquista de América. No hay referencias historiograficas ni de ningun historiador...NIN",False,True,IP_Anonima,,"ψ




== ¿Que tipo de articulo es este? ==

No es un articulo enciclopédico y no precede en este tipo de paginas, ni da una visión histórica de La Conquista de América. No hay referencias historiograficas ni de ningun historiador...NIN"
2010-10-15T07:27:12Z,77.211.79.210,,6851,"ψ{{WP Historia militar}}

{{Caja archivos|[[/Archivo 1|Archivo 1]]}}


== ¿Que tipo de articulo es este? ==

No es un articulo enciclopédico y no precede en este tipo de paginas, ni da una visión histórica de La Conquista de América. No hay referencias historiograficas ni de ningun historiador...NIN",False,True,IP_Anonima,,"ψ




== ¿Que tipo de articulo es este? ==

No es un articulo enciclopédico y no precede en este tipo de paginas, ni da una visión histórica de La Conquista de América. No hay referencias historiograficas ni de ningun historiador...NIN"
2010-08-12T17:40:31Z,NeVic,/* ¿Que tal si se introduce la plantilla edad? Para especificar los años que hace de tal acontecimiento */,5781,"ψ{{WP Historia militar}}

{{Caja archivos|[[/Archivo 1|Archivo 1]]}}

== ¿Genocidio? ==

Me parece inapropiado el enfoque que se le da a la cuestión, más propio de reivindicaciones indigenistas que me parecen muy respetables y que pienso que deberían de ser tratadas como protagonistas en un artículo",False,False,Usuario_Registrado,,"ψ



== ¿Genocidio? ==

Me parece inapropiado el enfoque que se le da a la cuestión, más propio de reivindicaciones indigenistas que me parecen muy respetables y que pienso que deberían de ser tratadas como protagonistas en un artículo"
2010-08-12T17:40:11Z,NeVic,Nueva sección: /* ¿Que tal si se introduce la plantilla edad? Para especificar los años que hace de tal acontecimiento */,6173,"ψ{{WP Historia militar}}

{{Caja archivos|[[/Archivo 1|Archivo 1]]}}

== ¿Genocidio? ==

Me parece inapropiado el enfoque que se le da a la cuestión, más propio de reivindicaciones indigenistas que me parecen muy respetables y que pienso que deberían de ser tratadas como protagonistas en un artículo",False,False,Usuario_Registrado,Nueva sección:,"ψ



== ¿Genocidio? ==

Me parece inapropiado el enfoque que se le da a la cuestión, más propio de reivindicaciones indigenistas que me parecen muy respetables y que pienso que deberían de ser tratadas como protagonistas en un artículo"
2010-08-12T17:39:45Z,NeVic,Nueva sección: /* ¿Que tal si se introduce la plantilla edad? Para especificar los años que hace de tal acontecimiento */,5781,"ψ{{WP Historia militar}}

{{Caja archivos|[[/Archivo 1|Archivo 1]]}}

== ¿Genocidio? ==

Me parece inapropiado el enfoque que se le da a la cuestión, más propio de reivindicaciones indigenistas que me parecen muy respetables y que pienso que deberían de ser tratadas como protagonistas en un artículo",False,False,Usuario_Registrado,Nueva sección:,"ψ



== ¿Genocidio? ==

Me parece inapropiado el enfoque que se le da a la cuestión, más propio de reivindicaciones indigenistas que me parecen muy respetables y que pienso que deberían de ser tratadas como protagonistas en un artículo"
2010-05-12T21:51:39Z,Diegusjaimes,Revertidos los cambios de [[Special:Contributions/201.252.146.154|201.252.146.154]] a la última edición de Yodigo,5389,"ψ{{WP Historia militar}}

{{Caja archivos|[[/Archivo 1|Archivo 1]]}}

== ¿Genocidio? ==

Me parece inapropiado el enfoque que se le da a la cuestión, más propio de reivindicaciones indigenistas que me parecen muy respetables y que pienso que deberían de ser tratadas como protagonistas en un artículo",False,False,Usuario_Registrado,Revertidos los cambios de 201.252.146.154 a la última edición de Yodigo,"ψ



== ¿Genocidio? ==

Me parece inapropiado el enfoque que se le da a la cuestión, más propio de reivindicaciones indigenistas que me parecen muy respetables y que pienso que deberían de ser tratadas como protagonistas en un artículo"
2010-05-12T21:51:25Z,201.252.146.154,,5394,"ψ{{WP Historia militar}}

{{Caja archivos|[[/Archivo 1|Archivo 1]]}}

== ¿Genocidio? ==

Me parece inapropiado el enfoque que se le da a la cuestión, más propio de reivindicaciones indigenistas que me parecen muy respetables y que pienso que deberían de ser tratadas como protagonistas en un artículo",False,True,IP_Anonima,,"ψ



== ¿Genocidio? ==

Me parece inapropiado el enfoque que se le da a la cuestión, más propio de reivindicaciones indigenistas que me parecen muy respetables y que pienso que deberían de ser tratadas como protagonistas en un artículo"
2010-04-14T21:17:12Z,Yodigo,Revertidos los cambios de [[User:190.152.235.164|190.152.235.164]] a la última edición de [[User:Diegusjaimes|Diegusjaimes]] usando [[w:es:User:Axxgreazz/Monobook-Suite|monobook-suite]],5389,"ψ{{WP Historia militar}}

{{Caja archivos|[[/Archivo 1|Archivo 1]]}}

== ¿Genocidio? ==

Me parece inapropiado el enfoque que se le da a la cuestión, más propio de reivindicaciones indigenistas que me parecen muy respetables y que pienso que deberían de ser tratadas como protagonistas en un artículo",False,False,Usuario_Registrado,Revertidos los cambios de 190.152.235.164 a la última edición de Diegusjaimes usando monobook-suite,"ψ



== ¿Genocidio? ==

Me parece inapropiado el enfoque que se le da a la cuestión, más propio de reivindicaciones indigenistas que me parecen muy respetables y que pienso que deberían de ser tratadas como protagonistas en un artículo"
2010-04-14T20:28:07Z,190.152.235.164,,5390,"ψ{{WP Historia militar}}

{{Caja archivos|[[/Archivo 1|Archivo 1]]}}

== ¿Genocidio? ==

Me parece inapropiado el enfoque que se le da a la cuestión, más propio de reivindicaciones indigenistas que me parecen muy respetables y que pienso que deberían de ser tratadas como protagonistas en un artículo",False,True,IP_Anonima,,"ψ



== ¿Genocidio? ==

Me parece inapropiado el enfoque que se le da a la cuestión, más propio de reivindicaciones indigenistas que me parecen muy respetables y que pienso que deberían de ser tratadas como protagonistas en un artículo"
2010-04-14T20:27:25Z,190.152.235.164,,5419,"ψ{{WP Historia militar}}

{{Caja archivos|[[/Archivo 1|Archivo 1]]}}

== ¿Genocidio? ==

Me parece inapropiado el enfoque que se le da a la cuestión, más propio de reivindicaciones indigenistas que me parecen muy respetables y que pienso que deberían de ser tratadas como protagonistas en un artículo",False,True,IP_Anonima,,"ψ



== ¿Genocidio? ==

Me parece inapropiado el enfoque que se le da a la cuestión, más propio de reivindicaciones indigenistas que me parecen muy respetables y que pienso que deberían de ser tratadas como protagonistas en un artículo"
2010-03-22T19:23:43Z,Diegusjaimes,Revertidos los cambios de [[Special:Contributions/83.36.242.224|83.36.242.224]] a la última edición de AVdiscuBOT,5389,"ψ{{WP Historia militar}}

{{Caja archivos|[[/Archivo 1|Archivo 1]]}}

== ¿Genocidio? ==

Me parece inapropiado el enfoque que se le da a la cuestión, más propio de reivindicaciones indigenistas que me parecen muy respetables y que pienso que deberían de ser tratadas como protagonistas en un artículo",False,False,Usuario_Registrado,Revertidos los cambios de 83.36.242.224 a la última edición de AVdiscuBOT,"ψ



== ¿Genocidio? ==

Me parece inapropiado el enfoque que se le da a la cuestión, más propio de reivindicaciones indigenistas que me parecen muy respetables y que pienso que deberían de ser tratadas como protagonistas en un artículo"
2010-03-22T19:23:34Z,83.36.242.224,/* ¿Genocidio? */,68,"ψ{{WP Historia militar}}

{{Caja archivos|[[/Archivo 1|Archivo 1]]}}",False,True,IP_Anonima,,ψ
2010-03-22T19:22:53Z,AVdiscuBOT,Deshecha por ''posible vandalismo'' la edición 35390304 de [[Especial:Contribuciones/83.36.242.224|83.36.242.224]] ([[Usuario Discusión:83.36.242.224|disc.]]),5389,"ψ{{WP Historia militar}}

{{Caja archivos|[[/Archivo 1|Archivo 1]]}}

== ¿Genocidio? ==

Me parece inapropiado el enfoque que se le da a la cuestión, más propio de reivindicaciones indigenistas que me parecen muy respetables y que pienso que deberían de ser tratadas como protagonistas en un artículo",True,False,Bot,Deshecha por ''posible vandalismo'' la edición 35390304 de 83.36.242.224 (disc.),"ψ



== ¿Genocidio? ==

Me parece inapropiado el enfoque que se le da a la cuestión, más propio de reivindicaciones indigenistas que me parecen muy respetables y que pienso que deberían de ser tratadas como protagonistas en un artículo"
2010-03-22T19:22:47Z,83.36.242.224,,5408,"ψ{{WP Historia militar}}

{{Caja archivos|[[/Archivo 1|Archivo 1]]}}

== ¿Genocidio? ==

Me parece inapropiado el enfoque que se le da a la cuestión, más propio de reivindicaciones indigenistas que me parecen muy respetables y que pienso que deberían de ser tratadas como protagonistas en un artículo",False,True,IP_Anonima,,"ψ



== ¿Genocidio? ==

Me parece inapropiado el enfoque que se le da a la cuestión, más propio de reivindicaciones indigenistas que me parecen muy respetables y que pienso que deberían de ser tratadas como protagonistas en un artículo"
2010-03-14T21:01:46Z,Diegusjaimes,Revertidos los cambios de [[Special:Contributions/83.45.169.164|83.45.169.164]] a la última edición de Diegusjaimes,5389,"ψ{{WP Historia militar}}

{{Caja archivos|[[/Archivo 1|Archivo 1]]}}

== ¿Genocidio? ==

Me parece inapropiado el enfoque que se le da a la cuestión, más propio de reivindicaciones indigenistas que me parecen muy respetables y que pienso que deberían de ser tratadas como protagonistas en un artículo",False,False,Usuario_Registrado,Revertidos los cambios de 83.45.169.164 a la última edición de Diegusjaimes,"ψ



== ¿Genocidio? ==

Me parece inapropiado el enfoque que se le da a la cuestión, más propio de reivindicaciones indigenistas que me parecen muy respetables y que pienso que deberían de ser tratadas como protagonistas en un artículo"
2010-03-14T21:01:40Z,83.45.169.164,/* ¿Genocidio? */,5446,"ψ{{WP Historia militar}}

{{Caja archivos|[[/Archivo 1|Archivo 1]]}}

== ¿Genocidio? ==

Me parece inapropiado el enfoque que se le da a la cuestión, más propio de reivindicaciones indigenistas que me parecen muy respetables y que pienso que deberían de ser tratadas como protagonistas en un artículo",False,True,IP_Anonima,,"ψ



== ¿Genocidio? ==

Me parece inapropiado el enfoque que se le da a la cuestión, más propio de reivindicaciones indigenistas que me parecen muy respetables y que pienso que deberían de ser tratadas como protagonistas en un artículo"
2009-12-22T22:06:04Z,Diegusjaimes,Revertidos los cambios de [[Special:Contributions/83.165.88.198|83.165.88.198]] a la última edición de [[Special:Contributions/FirmaBOT|FirmaBOT]],5389,"ψ{{WP Historia militar}}

{{Caja archivos|[[/Archivo 1|Archivo 1]]}}

== ¿Genocidio? ==

Me parece inapropiado el enfoque que se le da a la cuestión, más propio de reivindicaciones indigenistas que me parecen muy respetables y que pienso que deberían de ser tratadas como protagonistas en un artículo",False,False,Usuario_Registrado,Revertidos los cambios de 83.165.88.198 a la última edición de FirmaBOT,"ψ



== ¿Genocidio? ==

Me parece inapropiado el enfoque que se le da a la cuestión, más propio de reivindicaciones indigenistas que me parecen muy respetables y que pienso que deberían de ser tratadas como protagonistas en un artículo"
2009-12-22T22:05:57Z,83.165.88.198,Página reemplazada por «ME CAGO EN AMERICA xD era coña feos».,35,ME CAGO EN AMERICA xD era coña feos,False,True,IP_Anonima,Página reemplazada por «ME CAGO EN AMERICA xD era coña feos».,ME CAGO EN AMERICA xD era coña feos
2009-09-25T21:17:40Z,FirmaBOT,BOT-> Zas una firma más. Si ha cometido un error notifique en [[user:FirmaBOT/Errores]],5389,"ψ{{WP Historia militar}}

{{Caja archivos|[[/Archivo 1|Archivo 1]]}}

== ¿Genocidio? ==

Me parece inapropiado el enfoque que se le da a la cuestión, más propio de reivindicaciones indigenistas que me parecen muy respetables y que pienso que deberían de ser tratadas como protagonistas en un artículo",True,False,Bot,BOT-> Zas una firma más. Si ha cometido un error notifique en user:FirmaBOT/Errores,"ψ



== ¿Genocidio? ==

Me parece inapropiado el enfoque que se le da a la cuestión, más propio de reivindicaciones indigenistas que me parecen muy respetables y que pienso que deberían de ser tratadas como protagonistas en un artículo"
2009-09-25T21:17:16Z,83.37.204.115,/* ¿Genocidio? */,5217,"ψ{{WP Historia militar}}

{{Caja archivos|[[/Archivo 1|Archivo 1]]}}

== ¿Genocidio? ==

Me parece inapropiado el enfoque que se le da a la cuestión, más propio de reivindicaciones indigenistas que me parecen muy respetables y que pienso que deberían de ser tratadas como protagonistas en un artículo",False,True,IP_Anonima,,"ψ



== ¿Genocidio? ==

Me parece inapropiado el enfoque que se le da a la cuestión, más propio de reivindicaciones indigenistas que me parecen muy respetables y que pienso que deberían de ser tratadas como protagonistas en un artículo"
2009-07-04T20:45:45Z,MarcoAurelio,Revertidos los cambios de [[Special:Contributions/76.30.112.229|76.30.112.229]] a la última edición de [[Special:Contributions/Dove|Dove]],5069,"ψ{{WP Historia militar}}

{{Caja archivos|[[/Archivo 1|Archivo 1]]}}

== ¿Genocidio? ==

Me parece inapropiado el enfoque que se le da a la cuestión, más propio de reivindicaciones indigenistas que me parecen muy respetables y que pienso que deberían de ser tratadas como protagonistas en un artículo",False,False,Usuario_Registrado,Revertidos los cambios de 76.30.112.229 a la última edición de Dove,"ψ



== ¿Genocidio? ==

Me parece inapropiado el enfoque que se le da a la cuestión, más propio de reivindicaciones indigenistas que me parecen muy respetables y que pienso que deberían de ser tratadas como protagonistas en un artículo"
2009-07-04T20:43:41Z,76.30.112.229,,5113,"ψ{{WP Historia militar}}

{{Caja archivos|[[/Archivo 1|Archivo 1]]}}

== ¿Genocidio? ==

Me parece inapropiado el enfoque que se le da a la cuestión, más propio de reivindicaciones indigenistas que me parecen muy respetables y que pienso que deberían de ser tratadas como protagonistas en un artículo",False,True,IP_Anonima,,"ψ



== ¿Genocidio? ==

Me parece inapropiado el enfoque que se le da a la cuestión, más propio de reivindicaciones indigenistas que me parecen muy respetables y que pienso que deberían de ser tratadas como protagonistas en un artículo"
2009-06-12T00:10:07Z,Dove,Rev. No es un foro.,5069,"ψ{{WP Historia militar}}

{{Caja archivos|[[/Archivo 1|Archivo 1]]}}

== ¿Genocidio? ==

Me parece inapropiado el enfoque que se le da a la cuestión, más propio de reivindicaciones indigenistas que me parecen muy respetables y que pienso que deberían de ser tratadas como protagonistas en un artículo",False,False,Usuario_Registrado,Rev. No es un foro.,"ψ



== ¿Genocidio? ==

Me parece inapropiado el enfoque que se le da a la cuestión, más propio de reivindicaciones indigenistas que me parecen muy respetables y que pienso que deberían de ser tratadas como protagonistas en un artículo"
2009-06-11T23:54:49Z,190.232.33.145,,12080,"ψ{{WP Historia militar}}

{{Caja archivos|[[/Archivo 1|Archivo 1]]}}

== ¿Genocidio? ==

Me parece inapropiado el enfoque que se le da a la cuestión, más propio de reivindicaciones indigenistas que me parecen muy respetables y que pienso que deberían de ser tratadas como protagonistas en un artículo",False,True,IP_Anonima,,"ψ



== ¿Genocidio? ==

Me parece inapropiado el enfoque que se le da a la cuestión, más propio de reivindicaciones indigenistas que me parecen muy respetables y que pienso que deberían de ser tratadas como protagonistas en un artículo"
2009-06-11T23:52:45Z,190.232.33.145,"Nueva sección: /* El holocausto judio de la 2a guerra mundial,las masacres de los armenios y griegos por los turcos son un juego de niños a lado de LA CONQUISTA DE AMERICA! */",12039,"ψ{{WP Historia militar}}

{{Caja archivos|[[/Archivo 1|Archivo 1]]}}

== ¿Genocidio? ==

Me parece inapropiado el enfoque que se le da a la cuestión, más propio de reivindicaciones indigenistas que me parecen muy respetables y que pienso que deberían de ser tratadas como protagonistas en un artículo",False,True,IP_Anonima,Nueva sección:,"ψ



== ¿Genocidio? ==

Me parece inapropiado el enfoque que se le da a la cuestión, más propio de reivindicaciones indigenistas que me parecen muy respetables y que pienso que deberían de ser tratadas como protagonistas en un artículo"
2009-05-17T20:32:55Z,Resped,Revertir a la revisión 26399578 de fecha 2009-05-16 21:31:37 de Rodriguín usando [[w:es:User:Axxgreazz/Monobook-Suite|monobook-suite]],5069,"ψ{{WP Historia militar}}

{{Caja archivos|[[/Archivo 1|Archivo 1]]}}

== ¿Genocidio? ==

Me parece inapropiado el enfoque que se le da a la cuestión, más propio de reivindicaciones indigenistas que me parecen muy respetables y que pienso que deberían de ser tratadas como protagonistas en un artículo",False,False,Usuario_Registrado,Revertir a la revisión 26399578 de fecha 2009-05-16 21:31:37 de Rodriguín usando monobook-suite,"ψ



== ¿Genocidio? ==

Me parece inapropiado el enfoque que se le da a la cuestión, más propio de reivindicaciones indigenistas que me parecen muy respetables y que pienso que deberían de ser tratadas como protagonistas en un artículo"
2009-05-17T19:17:39Z,190.174.100.228,,5146,"ψ{{WP Historia militar}}

{{Caja archivos|[[/Archivo 1|Archivo 1]]}}

== ¿Genocidio? ==
SON TODOS UNOS HIJOS DE PUTA QUE SE ADUEÑARON DE TODOS LOS ESPAÑOLES PUTOS!!!
Me parece inapropiado el enfoque que se le da a la cuestión, más propio de reivindicaciones indigenistas que me parecen muy respetable",False,True,IP_Anonima,,"ψ



== ¿Genocidio? ==
SON TODOS UNOS HIJOS DE PUTA QUE SE ADUEÑARON DE TODOS LOS ESPAÑOLES PUTOS!!!
Me parece inapropiado el enfoque que se le da a la cuestión, más propio de reivindicaciones indigenistas que me parecen muy respetable"
2009-05-16T21:31:37Z,Srbanana,Vandalismo en curso,5069,"ψ{{WP Historia militar}}

{{Caja archivos|[[/Archivo 1|Archivo 1]]}}

== ¿Genocidio? ==

Me parece inapropiado el enfoque que se le da a la cuestión, más propio de reivindicaciones indigenistas que me parecen muy respetables y que pienso que deberían de ser tratadas como protagonistas en un artículo",False,False,Usuario_Registrado,Vandalismo en curso,"ψ



== ¿Genocidio? ==

Me parece inapropiado el enfoque que se le da a la cuestión, más propio de reivindicaciones indigenistas que me parecen muy respetables y que pienso que deberían de ser tratadas como protagonistas en un artículo"
2009-05-16T20:37:28Z,190.152.62.12,Nueva sección: /* puta  */,5160,"ψ{{WP Historia militar}}

{{Caja archivos|[[/Archivo 1|Archivo 1]]}}

== ¿Genocidio? ==

Me parece inapropiado el enfoque que se le da a la cuestión, más propio de reivindicaciones indigenistas que me parecen muy respetables y que pienso que deberían de ser tratadas como protagonistas en un artículo",False,True,IP_Anonima,Nueva sección:,"ψ



== ¿Genocidio? ==

Me parece inapropiado el enfoque que se le da a la cuestión, más propio de reivindicaciones indigenistas que me parecen muy respetables y que pienso que deberían de ser tratadas como protagonistas en un artículo"
2009-05-16T20:34:12Z,190.152.62.12,Nueva sección: /* odio */,5132,"ψ{{WP Historia militar}}

{{Caja archivos|[[/Archivo 1|Archivo 1]]}}

== ¿Genocidio? ==

Me parece inapropiado el enfoque que se le da a la cuestión, más propio de reivindicaciones indigenistas que me parecen muy respetables y que pienso que deberían de ser tratadas como protagonistas en un artículo",False,True,IP_Anonima,Nueva sección:,"ψ



== ¿Genocidio? ==

Me parece inapropiado el enfoque que se le da a la cuestión, más propio de reivindicaciones indigenistas que me parecen muy respetables y que pienso que deberían de ser tratadas como protagonistas en un artículo"
2009-05-14T14:06:40Z,Resped,Revertir a la revisión 25633851 de fecha 2009-04-16 20:51:17 de Resped usando [[w:es:User:Axxgreazz/Monobook-Suite|monobook-suite]],5069,"ψ{{WP Historia militar}}

{{Caja archivos|[[/Archivo 1|Archivo 1]]}}

== ¿Genocidio? ==

Me parece inapropiado el enfoque que se le da a la cuestión, más propio de reivindicaciones indigenistas que me parecen muy respetables y que pienso que deberían de ser tratadas como protagonistas en un artículo",False,False,Usuario_Registrado,Revertir a la revisión 25633851 de fecha 2009-04-16 20:51:17 de Resped usando monobook-suite,"ψ



== ¿Genocidio? ==

Me parece inapropiado el enfoque que se le da a la cuestión, más propio de reivindicaciones indigenistas que me parecen muy respetables y que pienso que deberían de ser tratadas como protagonistas en un artículo"
2009-05-13T22:43:45Z,189.141.207.188,,5222,"ψ{{WP Historia militar}}

{{Caja archivos|[[/Archivo 1|Archivo 1]]}}

== ¿Genocidio? ==

Me parece inapropiado el enfoque que se le da a la cuestión, más propio de reivindicaciones indigenistas que me parecen muy respetables y que pienso que deberían de ser tratadas como protagonistas en un artículo",False,True,IP_Anonima,,"ψ



== ¿Genocidio? ==

Me parece inapropiado el enfoque que se le da a la cuestión, más propio de reivindicaciones indigenistas que me parecen muy respetables y que pienso que deberían de ser tratadas como protagonistas en un artículo"
2009-04-16T20:51:17Z,Resped,Revertir a la revisión 24730069 de fecha 2009-03-11 14:42:09 de Roblespepe usando [[w:es:User:Axxgreazz/Monobook-Suite|monobook-suite]],5069,"ψ{{WP Historia militar}}

{{Caja archivos|[[/Archivo 1|Archivo 1]]}}

== ¿Genocidio? ==

Me parece inapropiado el enfoque que se le da a la cuestión, más propio de reivindicaciones indigenistas que me parecen muy respetables y que pienso que deberían de ser tratadas como protagonistas en un artículo",False,False,Usuario_Registrado,Revertir a la revisión 24730069 de fecha 2009-03-11 14:42:09 de Roblespepe usando monobook-suite,"ψ



== ¿Genocidio? ==

Me parece inapropiado el enfoque que se le da a la cuestión, más propio de reivindicaciones indigenistas que me parecen muy respetables y que pienso que deberían de ser tratadas como protagonistas en un artículo"
2009-04-16T19:50:40Z,200.84.219.75,,5299,"ψ{{WP Historia militar}}

{{Caja archivos|[[/Archivo 1|Archivo 1]]}}

== ¿Genocidio? ==

Me parece inapropiado el enfoque que se le da a la cuestión, más propio de reivindicaciones indigenistas que me parecen muy respetables y que pienso que deberían de ser tratadas como protagonistas en un artículo",False,True,IP_Anonima,,"ψ



== ¿Genocidio? ==

Me parece inapropiado el enfoque que se le da a la cuestión, más propio de reivindicaciones indigenistas que me parecen muy respetables y que pienso que deberían de ser tratadas como protagonistas en un artículo"
2009-03-30T20:05:36Z,83.33.214.78,/* ¿Genocidio? */,5269,"ψ{{WP Historia militar}}

{{Caja archivos|[[/Archivo 1|Archivo 1]]}}

== ¿Genocidio? ==

Me parece inapropiado el enfoque que se le da a la cuestión, más propio de reivindicaciones indigenistas que me parecen muy respetables y que pienso que deberían de ser tratadas como protagonistas en un artículo",False,True,IP_Anonima,,"ψ



== ¿Genocidio? ==

Me parece inapropiado el enfoque que se le da a la cuestión, más propio de reivindicaciones indigenistas que me parecen muy respetables y que pienso que deberían de ser tratadas como protagonistas en un artículo"
2009-03-30T20:04:24Z,83.33.214.78,/* ¿Genocidio? */,5231,"ψ{{WP Historia militar}}

{{Caja archivos|[[/Archivo 1|Archivo 1]]}}

== ¿Genocidio? ==

Me parece inapropiado el enfoque que se le da a la cuestión, más propio de reivindicaciones indigenistas que me parecen muy respetables y que pienso que deberían de ser tratadas como protagonistas en un artículo",False,True,IP_Anonima,,"ψ



== ¿Genocidio? ==

Me parece inapropiado el enfoque que se le da a la cuestión, más propio de reivindicaciones indigenistas que me parecen muy respetables y que pienso que deberían de ser tratadas como protagonistas en un artículo"
2009-03-11T14:42:09Z,Roblespepe,/* ¿Genocidio? */ saco insulto,5069,"ψ{{WP Historia militar}}

{{Caja archivos|[[/Archivo 1|Archivo 1]]}}

== ¿Genocidio? ==

Me parece inapropiado el enfoque que se le da a la cuestión, más propio de reivindicaciones indigenistas que me parecen muy respetables y que pienso que deberían de ser tratadas como protagonistas en un artículo",False,False,Usuario_Registrado,saco insulto,"ψ



== ¿Genocidio? ==

Me parece inapropiado el enfoque que se le da a la cuestión, más propio de reivindicaciones indigenistas que me parecen muy respetables y que pienso que deberían de ser tratadas como protagonistas en un artículo"
2009-03-11T14:36:21Z,79.146.192.30,,5087,"ψ{{WP Historia militar}}

{{Caja archivos|[[/Archivo 1|Archivo 1]]}}

== ¿Genocidio? ==

Me parece inapropiado el enfoque que se le da a la cuestión, más propio de reivindicaciones indigenistas que me parecen muy respetables y que pienso que deberían de ser tratadas como protagonistas en un artículo",False,True,IP_Anonima,,"ψ



== ¿Genocidio? ==

Me parece inapropiado el enfoque que se le da a la cuestión, más propio de reivindicaciones indigenistas que me parecen muy respetables y que pienso que deberían de ser tratadas como protagonistas en un artículo"
2009-03-03T00:48:53Z,190.67.168.54,,5075,"ψ{{WP Historia militar}}

{{Caja archivos|[[/Archivo 1|Archivo 1]]}}

== ¿Genocidio? ==

Me parece inapropiado el enfoque que se le da a la cuestión, más propio de reivindicaciones indigenistas que me parecen muy respetables y que pienso que deberían de ser tratadas como protagonistas en un artículo",False,True,IP_Anonima,,"ψ



== ¿Genocidio? ==

Me parece inapropiado el enfoque que se le da a la cuestión, más propio de reivindicaciones indigenistas que me parecen muy respetables y que pienso que deberían de ser tratadas como protagonistas en un artículo"
2009-02-07T20:46:54Z,83.40.95.72,,5074,"{{WP Historia militar}}

{{Caja archivos|[[/Archivo 1|Archivo 1]]}}

== ¿Genocidio? ==

Me parece inapropiado el enfoque que se le da a la cuestión, más propio de reivindicaciones indigenistas que me parecen muy respetables y que pienso que deberían de ser tratadas como protagonistas en un artículo ",False,True,IP_Anonima,,"== ¿Genocidio? ==

Me parece inapropiado el enfoque que se le da a la cuestión, más propio de reivindicaciones indigenistas que me parecen muy respetables y que pienso que deberían de ser tratadas como protagonistas en un artículo"
2009-01-09T02:28:05Z,Roblespepe,/* ¿Genocidio? */ PVN,4788,"{{WP Historia militar}}

{{Caja archivos|[[/Archivo 1|Archivo 1]]}}

== ¿Genocidio? ==

Me parece inapropiado el enfoque que se le da a la cuestión, más propio de reivindicaciones indigenistas que me parecen muy respetables y que pienso que deberían de ser tratadas como protagonistas en un artículo ",False,False,Usuario_Registrado,PVN,"== ¿Genocidio? ==

Me parece inapropiado el enfoque que se le da a la cuestión, más propio de reivindicaciones indigenistas que me parecen muy respetables y que pienso que deberían de ser tratadas como protagonistas en un artículo"
2009-01-09T02:00:49Z,Jaontiveros,''Ubi solitudinem faciunt pacem apellant'',4107,"{{WP Historia militar}}

{{Caja archivos|[[/Archivo 1|Archivo 1]]}}

== ¿Genocidio? ==

Me parece inapropiado el enfoque que se le da a la cuestión, más propio de reivindicaciones indigenistas que me parecen muy respetables y que pienso que deberían de ser tratadas como protagonistas en un artículo ",False,False,Usuario_Registrado,''Ubi solitudinem faciunt pacem apellant'',"== ¿Genocidio? ==

Me parece inapropiado el enfoque que se le da a la cuestión, más propio de reivindicaciones indigenistas que me parecen muy respetables y que pienso que deberían de ser tratadas como protagonistas en un artículo"
2009-01-08T21:41:30Z,Jaontiveros,eventual,3421,"{{WP Historia militar}}

{{Caja archivos|[[/Archivo 1|Archivo 1]]}}

== ¿Genocidio? ==

Me parece inapropiado el enfoque que se le da a la cuestión, más propio de reivindicaciones indigenistas que me parecen muy respetables y que pienso que deberían de ser tratadas como protagonistas en un artículo ",False,False,Usuario_Registrado,eventual,"== ¿Genocidio? ==

Me parece inapropiado el enfoque que se le da a la cuestión, más propio de reivindicaciones indigenistas que me parecen muy respetables y que pienso que deberían de ser tratadas como protagonistas en un artículo"
2009-01-08T20:12:10Z,83.33.214.222,,3199,"{{WP Historia militar}}

{{Caja archivos|[[/Archivo 1|Archivo 1]]}}

== ¿Genocidio? ==

Me parece inapropiado el enfoque que se le da a la cuestión, más propio de reivindicaciones indigenistas que me parecen muy respetables y que pienso que deberían de ser tratadas como protagonistas en un artículo ",False,True,IP_Anonima,,"== ¿Genocidio? ==

Me parece inapropiado el enfoque que se le da a la cuestión, más propio de reivindicaciones indigenistas que me parecen muy respetables y que pienso que deberían de ser tratadas como protagonistas en un artículo"
2009-01-07T18:06:57Z,88.5.216.156,,2894,"{{WP Historia militar}}

{{Caja archivos|[[/Archivo 1|Archivo 1]]}}

== ¿Genocidio? ==

Me parece inapropiado el enfoque que se le da a la cuestión, más propio de reivindicaciones indigenistas que me parecen muy respetables y que pienso que deberían de ser tratadas como protagonistas en un artículo ",False,True,IP_Anonima,,"== ¿Genocidio? ==

Me parece inapropiado el enfoque que se le da a la cuestión, más propio de reivindicaciones indigenistas que me parecen muy respetables y que pienso que deberían de ser tratadas como protagonistas en un artículo"
2009-01-07T01:16:56Z,Jaontiveros,/* ¿Genocidio? */ consultar otro artículo,2645,"{{WP Historia militar}}

{{Caja archivos|[[/Archivo 1|Archivo 1]]}}

== ¿Genocidio? ==

Me parece inapropiado el enfoque que se le da a la cuestión, más propio de reivindicaciones indigenistas que me parecen muy respetables y que pienso que deberían de ser tratadas como protagonistas en un artículo ",False,False,Usuario_Registrado,consultar otro artículo,"== ¿Genocidio? ==

Me parece inapropiado el enfoque que se le da a la cuestión, más propio de reivindicaciones indigenistas que me parecen muy respetables y que pienso que deberían de ser tratadas como protagonistas en un artículo"
2009-01-06T19:43:44Z,83.33.214.222,Nueva sección: /* ¿Genocidio? */,2371,"{{WP Historia militar}}

{{Caja archivos|[[/Archivo 1|Archivo 1]]}}

== ¿Genocidio? ==

Me parece inapropiado el enfoque que se le da a la cuestión, más propio de reivindicaciones indigenistas que me parecen muy respetables y que pienso que deberían de ser tratadas como protagonistas en un artículo ",False,True,IP_Anonima,Nueva sección:,"== ¿Genocidio? ==

Me parece inapropiado el enfoque que se le da a la cuestión, más propio de reivindicaciones indigenistas que me parecen muy respetables y que pienso que deberían de ser tratadas como protagonistas en un artículo"
2008-11-03T20:00:08Z,Jaontiveros,Deshecha la edición 21461424 de [[Especial:Contributions/190.25.193.77|190.25.193.77]] ([[Usuario Discusión:190.25.193.77|disc.]]) - revirtiendo,67,"{{WP Historia militar}}

{{Caja archivos|[[/Archivo 1|Archivo 1]]}}",False,False,Usuario_Registrado,Deshecha la edición 21461424 de 190.25.193.77 (disc.) - revirtiendo,
2008-11-03T19:14:59Z,190.25.193.77,,107,"{{WP Historia militar}}

{{Caja archivos|[[/Archivo 1|Archivo 1]]}}
los e`pañoles trajeron el homoxesalismo",False,True,IP_Anonima,,los e`pañoles trajeron el homoxesalismo
2008-09-11T03:11:06Z,Jjafjjaf,Agregando plantilla de proyecto.,67,"{{WP Historia militar}}

{{Caja archivos|[[/Archivo 1|Archivo 1]]}}",False,False,Usuario_Registrado,Agregando plantilla de proyecto.,
2008-09-11T03:01:13Z,Jjafjjaf,Sustituyendo redirección por caja de archivos.,42,{{Caja archivos|[[/Archivo 1|Archivo 1]]}},False,False,Usuario_Registrado,Sustituyendo redirección por caja de archivos.,
2008-09-11T02:58:16Z,Jjafjjaf,[[Discusión:Conquista de América]] ha sido trasladado a [[Discusión:Conquista de América/Archivo 1]]:&#32;Archivando.,54,#REDIRECT [[Discusión:Conquista de América/Archivo 1]],False,False,Usuario_Registrado,Discusión:Conquista de América ha sido trasladado a Discusión:Conquista de América/Archivo 1:&#32;Archivando.,#REDIRECT Discusión:Conquista de América/Archivo 1
